order_details_id,order_id,order_date,order_time,item_id
1,1,01-01-2023,11:38:36 AM,109
2,2,01-01-2023,11:57:40 AM,108
3,2,01-01-2023,11:57:40 AM,124
4,2,01-01-2023,11:57:40 AM,117
5,2,01-01-2023,11:57:40 AM,129
6,2,01-01-2023,11:57:40 AM,106
7,3,01-01-2023,12:12:28 PM,117
8,3,01-01-2023,12:12:28 PM,119
9,4,01-01-2023,12:16:31 PM,117
10,5,01-01-2023,12:21:30 PM,117
11,6,01-01-2023,12:29:36 PM,101
12,6,01-01-2023,12:29:36 PM,114
13,7,01-01-2023,12:50:37 PM,123
14,8,01-01-2023,12:51:37 PM,123
15,9,01-01-2023,12:52:01 PM,108
16,9,01-01-2023,12:52:01 PM,126
17,9,01-01-2023,12:52:01 PM,110
18,9,01-01-2023,12:52:01 PM,117
19,9,01-01-2023,12:52:01 PM,117
20,9,01-01-2023,12:52:01 PM,129
21,9,01-01-2023,12:52:01 PM,122
22,9,01-01-2023,12:52:01 PM,130
23,9,01-01-2023,12:52:01 PM,132
24,10,01-01-2023,1:00:15 PM,129
25,10,01-01-2023,1:00:15 PM,105
26,11,01-01-2023,1:02:59 PM,101
27,11,01-01-2023,1:02:59 PM,102
28,11,01-01-2023,1:02:59 PM,102
29,11,01-01-2023,1:02:59 PM,113
30,12,01-01-2023,1:04:41 PM,102
31,12,01-01-2023,1:04:41 PM,102
32,12,01-01-2023,1:04:41 PM,104
33,12,01-01-2023,1:04:41 PM,117
34,13,01-01-2023,1:11:55 PM,129
35,14,01-01-2023,1:14:19 PM,114
36,15,01-01-2023,1:33:00 PM,107
37,15,01-01-2023,1:33:00 PM,124
38,15,01-01-2023,1:33:00 PM,121
39,15,01-01-2023,1:33:00 PM,114
40,16,01-01-2023,1:34:07 PM,125
41,16,01-01-2023,1:34:07 PM,111
42,16,01-01-2023,1:34:07 PM,106
43,17,01-01-2023,1:53:00 PM,101
44,17,01-01-2023,1:53:00 PM,116
45,17,01-01-2023,1:53:00 PM,124
46,17,01-01-2023,1:53:00 PM,125
47,17,01-01-2023,1:53:00 PM,117
48,17,01-01-2023,1:53:00 PM,127
49,17,01-01-2023,1:53:00 PM,128
50,17,01-01-2023,1:53:00 PM,129
51,17,01-01-2023,1:53:00 PM,118
52,17,01-01-2023,1:53:00 PM,131
53,18,01-01-2023,1:57:08 PM,111
54,19,01-01-2023,1:59:09 PM,110
55,19,01-01-2023,1:59:09 PM,120
56,20,01-01-2023,2:03:08 PM,107
57,20,01-01-2023,2:03:08 PM,124
58,21,01-01-2023,2:14:29 PM,110
59,22,01-01-2023,2:16:26 PM,124
60,22,01-01-2023,2:16:26 PM,110
61,22,01-01-2023,2:16:26 PM,105
62,23,01-01-2023,2:19:03 PM,105
63,24,01-01-2023,2:23:01 PM,101
64,24,01-01-2023,2:23:01 PM,110
65,24,01-01-2023,2:23:01 PM,113
66,24,01-01-2023,2:23:01 PM,119
67,25,01-01-2023,2:44:44 PM,120
68,25,01-01-2023,2:44:44 PM,106
69,26,01-01-2023,2:54:26 PM,108
70,26,01-01-2023,2:54:26 PM,132
71,27,01-01-2023,3:11:17 PM,101
72,27,01-01-2023,3:11:17 PM,108
73,27,01-01-2023,3:11:17 PM,131
74,28,01-01-2023,3:35:46 PM,103
75,29,01-01-2023,3:41:01 PM,126
76,30,01-01-2023,3:41:25 PM,106
77,31,01-01-2023,3:50:18 PM,129
78,31,01-01-2023,3:50:18 PM,113
79,32,01-01-2023,3:53:18 PM,107
80,32,01-01-2023,3:53:18 PM,126
81,32,01-01-2023,3:53:18 PM,110
82,32,01-01-2023,3:53:18 PM,117
83,33,01-01-2023,3:54:08 PM,101
84,33,01-01-2023,3:54:08 PM,126
85,34,01-01-2023,4:21:21 PM,114
86,35,01-01-2023,4:32:04 PM,126
87,35,01-01-2023,4:32:04 PM,112
88,35,01-01-2023,4:32:04 PM,113
89,35,01-01-2023,4:32:04 PM,106
90,36,01-01-2023,4:54:09 PM,101
91,36,01-01-2023,4:54:09 PM,108
92,37,01-01-2023,4:56:09 PM,117
93,37,01-01-2023,4:56:09 PM,129
94,38,01-01-2023,5:03:00 PM,109
95,38,01-01-2023,5:03:00 PM,110
96,39,01-01-2023,5:07:23 PM,117
97,40,01-01-2023,5:14:36 PM,125
98,40,01-01-2023,5:14:36 PM,105
99,41,01-01-2023,5:15:20 PM,125
100,41,01-01-2023,5:15:20 PM,126
101,42,01-01-2023,5:28:09 PM,107
102,42,01-01-2023,5:28:09 PM,124
103,42,01-01-2023,5:28:09 PM,129
104,42,01-01-2023,5:28:09 PM,118
105,43,01-01-2023,5:38:34 PM,103
106,43,01-01-2023,5:38:34 PM,117
107,43,01-01-2023,5:38:34 PM,118
108,44,01-01-2023,5:54:20 PM,130
109,45,01-01-2023,5:55:48 PM,125
110,45,01-01-2023,5:55:48 PM,109
111,45,01-01-2023,5:55:48 PM,106
112,46,01-01-2023,6:25:51 PM,104
113,46,01-01-2023,6:25:51 PM,108
114,46,01-01-2023,6:25:51 PM,106
115,47,01-01-2023,6:26:34 PM,105
116,47,01-01-2023,6:26:34 PM,132
117,48,01-01-2023,6:26:42 PM,104
118,48,01-01-2023,6:26:42 PM,126
119,48,01-01-2023,6:26:42 PM,119
120,48,01-01-2023,6:26:42 PM,122
121,49,01-01-2023,6:33:00 PM,120
122,50,01-01-2023,6:41:01 PM,NULL
123,51,01-01-2023,6:48:28 PM,101
124,51,01-01-2023,6:48:28 PM,112
125,52,01-01-2023,6:53:02 PM,109
126,52,01-01-2023,6:53:02 PM,129
127,52,01-01-2023,6:53:02 PM,122
128,53,01-01-2023,6:54:17 PM,112
129,53,01-01-2023,6:54:17 PM,123
130,54,01-01-2023,7:01:45 PM,119
131,54,01-01-2023,7:01:45 PM,106
132,55,01-01-2023,7:03:19 PM,118
133,55,01-01-2023,7:03:19 PM,122
134,56,01-01-2023,7:07:00 PM,108
135,56,01-01-2023,7:07:00 PM,128
136,56,01-01-2023,7:07:00 PM,105
137,57,01-01-2023,7:10:51 PM,108
138,58,01-01-2023,7:30:40 PM,124
139,58,01-01-2023,7:30:40 PM,113
140,59,01-01-2023,7:40:08 PM,127
141,59,01-01-2023,7:40:08 PM,112
142,59,01-01-2023,7:40:08 PM,113
143,60,01-01-2023,8:05:16 PM,104
144,60,01-01-2023,8:05:16 PM,125
145,61,01-01-2023,8:08:43 PM,101
146,61,01-01-2023,8:08:43 PM,117
147,62,01-01-2023,8:50:16 PM,101
148,62,01-01-2023,8:50:16 PM,123
149,63,01-01-2023,8:51:42 PM,112
150,64,01-01-2023,8:52:08 PM,107
151,65,01-01-2023,9:16:00 PM,112
152,65,01-01-2023,9:16:00 PM,120
153,65,01-01-2023,9:16:00 PM,122
154,65,01-01-2023,9:16:00 PM,123
155,66,01-01-2023,9:47:55 PM,108
156,66,01-01-2023,9:47:55 PM,110
157,67,01-01-2023,10:03:40 PM,105
158,68,01-01-2023,10:07:32 PM,108
159,68,01-01-2023,10:07:32 PM,117
160,68,01-01-2023,10:07:32 PM,117
161,69,01-01-2023,10:12:13 PM,101
162,70,01-02-2023,11:38:51 AM,127
163,70,01-02-2023,11:38:51 AM,121
164,71,01-02-2023,11:40:50 AM,106
165,72,01-02-2023,11:57:25 AM,131
166,73,01-02-2023,11:58:56 AM,106
167,74,01-02-2023,12:01:12 PM,124
168,74,01-02-2023,12:01:12 PM,129
169,74,01-02-2023,12:01:12 PM,130
170,74,01-02-2023,12:01:12 PM,123
171,75,01-02-2023,12:10:15 PM,117
172,75,01-02-2023,12:10:15 PM,128
173,75,01-02-2023,12:10:15 PM,111
174,76,01-02-2023,12:21:17 PM,107
175,76,01-02-2023,12:21:17 PM,109
176,76,01-02-2023,12:21:17 PM,127
177,76,01-02-2023,12:21:17 PM,122
178,77,01-02-2023,12:22:46 PM,101
179,77,01-02-2023,12:22:46 PM,109
180,78,01-02-2023,12:28:14 PM,107
181,78,01-02-2023,12:28:14 PM,108
182,78,01-02-2023,12:28:14 PM,125
183,78,01-02-2023,12:28:14 PM,110
184,78,01-02-2023,12:28:14 PM,122
185,78,01-02-2023,12:28:14 PM,106
186,79,01-02-2023,12:29:11 PM,110
187,79,01-02-2023,12:29:11 PM,112
188,79,01-02-2023,12:29:11 PM,106
189,80,01-02-2023,12:35:38 PM,113
190,80,01-02-2023,12:35:38 PM,106
191,81,01-02-2023,12:40:01 PM,106
192,82,01-02-2023,12:45:51 PM,107
193,82,01-02-2023,12:45:51 PM,102
194,82,01-02-2023,12:45:51 PM,122
195,82,01-02-2023,12:45:51 PM,132
196,83,01-02-2023,12:53:27 PM,105
197,84,01-02-2023,1:13:41 PM,113
198,85,01-02-2023,1:34:49 PM,108
199,85,01-02-2023,1:34:49 PM,108
200,85,01-02-2023,1:34:49 PM,117
201,85,01-02-2023,1:34:49 PM,114
202,86,01-02-2023,1:40:31 PM,109
203,87,01-02-2023,2:01:02 PM,110
204,87,01-02-2023,2:01:02 PM,129
205,87,01-02-2023,2:01:02 PM,123
206,87,01-02-2023,2:01:02 PM,123
207,88,01-02-2023,2:10:08 PM,124
208,89,01-02-2023,2:30:19 PM,121
209,89,01-02-2023,2:30:19 PM,106
210,90,01-02-2023,3:08:48 PM,120
211,90,01-02-2023,3:08:48 PM,106
212,91,01-02-2023,3:14:43 PM,101
213,91,01-02-2023,3:14:43 PM,104
214,91,01-02-2023,3:14:43 PM,113
215,92,01-02-2023,3:17:02 PM,101
216,92,01-02-2023,3:17:02 PM,117
217,92,01-02-2023,3:17:02 PM,117
218,92,01-02-2023,3:17:02 PM,127
219,92,01-02-2023,3:17:02 PM,113
220,92,01-02-2023,3:17:02 PM,118
221,92,01-02-2023,3:17:02 PM,131
222,92,01-02-2023,3:17:02 PM,123
223,92,01-02-2023,3:17:02 PM,114
224,93,01-02-2023,3:29:31 PM,120
225,94,01-02-2023,4:17:16 PM,110
226,94,01-02-2023,4:17:16 PM,105
227,95,01-02-2023,4:18:04 PM,111
228,95,01-02-2023,4:18:04 PM,118
229,96,01-02-2023,4:21:20 PM,111
230,97,01-02-2023,4:45:33 PM,107
231,98,01-02-2023,5:18:18 PM,108
232,98,01-02-2023,5:18:18 PM,111
233,99,01-02-2023,5:45:42 PM,117
234,100,01-02-2023,5:46:17 PM,109
235,101,01-02-2023,5:51:33 PM,102
236,101,01-02-2023,5:51:33 PM,113
237,101,01-02-2023,5:51:33 PM,121
238,101,01-02-2023,5:51:33 PM,122
239,102,01-02-2023,5:54:04 PM,101
240,102,01-02-2023,5:54:04 PM,119
241,103,01-02-2023,6:02:09 PM,123
242,104,01-02-2023,6:02:12 PM,101
243,104,01-02-2023,6:02:12 PM,103
244,104,01-02-2023,6:02:12 PM,127
245,104,01-02-2023,6:02:12 PM,132
246,105,01-02-2023,6:12:01 PM,109
247,105,01-02-2023,6:12:01 PM,113
248,105,01-02-2023,6:12:01 PM,119
249,106,01-02-2023,6:12:13 PM,129
250,106,01-02-2023,6:12:13 PM,122
251,107,01-02-2023,6:25:09 PM,102
252,107,01-02-2023,6:25:09 PM,117
253,107,01-02-2023,6:25:09 PM,122
254,107,01-02-2023,6:25:09 PM,132
255,108,01-02-2023,6:25:25 PM,108
256,108,01-02-2023,6:25:25 PM,109
257,108,01-02-2023,6:25:25 PM,123
258,109,01-02-2023,6:27:50 PM,110
259,109,01-02-2023,6:27:50 PM,117
260,109,01-02-2023,6:27:50 PM,113
261,109,01-02-2023,6:27:50 PM,119
262,110,01-02-2023,6:36:19 PM,107
263,110,01-02-2023,6:36:19 PM,111
264,110,01-02-2023,6:36:19 PM,121
265,110,01-02-2023,6:36:19 PM,122
266,111,01-02-2023,6:38:01 PM,102
267,111,01-02-2023,6:38:01 PM,124
268,111,01-02-2023,6:38:01 PM,113
269,111,01-02-2023,6:38:01 PM,130
270,112,01-02-2023,6:41:40 PM,113
271,113,01-02-2023,6:50:21 PM,102
272,113,01-02-2023,6:50:21 PM,129
273,113,01-02-2023,6:50:21 PM,105
274,114,01-02-2023,6:59:32 PM,113
275,114,01-02-2023,6:59:32 PM,120
276,115,01-02-2023,7:05:17 PM,107
277,115,01-02-2023,7:05:17 PM,111
278,115,01-02-2023,7:05:17 PM,106
279,116,01-02-2023,7:18:49 PM,124
280,117,01-02-2023,7:23:02 PM,118
281,117,01-02-2023,7:23:02 PM,120
282,118,01-02-2023,7:26:59 PM,119
283,118,01-02-2023,7:26:59 PM,131
284,119,01-02-2023,7:32:29 PM,125
285,120,01-02-2023,7:35:07 PM,108
286,120,01-02-2023,7:35:07 PM,109
287,120,01-02-2023,7:35:07 PM,131
288,121,01-02-2023,7:38:48 PM,101
289,121,01-02-2023,7:38:48 PM,125
290,121,01-02-2023,7:38:48 PM,120
291,121,01-02-2023,7:38:48 PM,105
292,122,01-02-2023,7:50:19 PM,117
293,123,01-02-2023,8:12:09 PM,110
294,124,01-02-2023,8:12:34 PM,101
295,124,01-02-2023,8:12:34 PM,120
296,124,01-02-2023,8:12:34 PM,122
297,124,01-02-2023,8:12:34 PM,114
298,125,01-02-2023,8:31:06 PM,NULL
299,126,01-02-2023,8:53:42 PM,132
300,127,01-02-2023,8:58:23 PM,113
301,128,01-02-2023,9:05:06 PM,122
302,129,01-02-2023,9:13:02 PM,107
303,129,01-02-2023,9:13:02 PM,114
304,130,01-02-2023,9:14:55 PM,109
305,130,01-02-2023,9:14:55 PM,110
306,130,01-02-2023,9:14:55 PM,129
307,130,01-02-2023,9:14:55 PM,105
308,131,01-02-2023,9:33:10 PM,104
309,131,01-02-2023,9:33:10 PM,124
310,131,01-02-2023,9:33:10 PM,126
311,131,01-02-2023,9:33:10 PM,123
312,132,01-02-2023,9:42:45 PM,113
313,133,01-02-2023,10:00:17 PM,101
314,133,01-02-2023,10:00:17 PM,109
315,133,01-02-2023,10:00:17 PM,114
316,134,01-02-2023,10:13:24 PM,107
317,134,01-02-2023,10:13:24 PM,105
318,134,01-02-2023,10:13:24 PM,123
319,135,01-02-2023,10:29:34 PM,132
320,136,01-02-2023,10:32:49 PM,124
321,136,01-02-2023,10:32:49 PM,118
322,137,01-03-2023,11:34:10 AM,128
323,137,01-03-2023,11:34:10 AM,113
324,137,01-03-2023,11:34:10 AM,122
325,138,01-03-2023,11:44:50 AM,102
326,138,01-03-2023,11:44:50 AM,125
327,138,01-03-2023,11:44:50 AM,127
328,138,01-03-2023,11:44:50 AM,120
329,139,01-03-2023,11:57:39 AM,124
330,140,01-03-2023,12:26:44 PM,119
331,140,01-03-2023,12:26:44 PM,132
332,141,01-03-2023,1:16:01 PM,108
333,142,01-03-2023,1:33:59 PM,126
334,143,01-03-2023,1:41:36 PM,102
335,143,01-03-2023,1:41:36 PM,108
336,143,01-03-2023,1:41:36 PM,109
337,143,01-03-2023,1:41:36 PM,129
338,143,01-03-2023,1:41:36 PM,113
339,143,01-03-2023,1:41:36 PM,119
340,143,01-03-2023,1:41:36 PM,106
341,143,01-03-2023,1:41:36 PM,132
342,144,01-03-2023,1:44:28 PM,101
343,144,01-03-2023,1:44:28 PM,107
344,144,01-03-2023,1:44:28 PM,102
345,144,01-03-2023,1:44:28 PM,104
346,144,01-03-2023,1:44:28 PM,124
347,144,01-03-2023,1:44:28 PM,125
348,144,01-03-2023,1:44:28 PM,112
349,144,01-03-2023,1:44:28 PM,105
350,144,01-03-2023,1:44:28 PM,105
351,144,01-03-2023,1:44:28 PM,122
352,144,01-03-2023,1:44:28 PM,106
353,144,01-03-2023,1:44:28 PM,132
354,145,01-03-2023,1:53:48 PM,114
355,146,01-03-2023,2:22:10 PM,102
356,146,01-03-2023,2:22:10 PM,125
357,146,01-03-2023,2:22:10 PM,109
358,147,01-03-2023,2:32:51 PM,NULL
359,148,01-03-2023,2:40:42 PM,128
360,149,01-03-2023,2:48:45 PM,131
361,150,01-03-2023,2:49:58 PM,113
362,151,01-03-2023,3:09:34 PM,105
363,151,01-03-2023,3:09:34 PM,123
364,152,01-03-2023,3:09:42 PM,109
365,152,01-03-2023,3:09:42 PM,131
366,152,01-03-2023,3:09:42 PM,106
367,152,01-03-2023,3:09:42 PM,114
368,153,01-03-2023,3:16:34 PM,129
369,154,01-03-2023,3:22:43 PM,119
370,155,01-03-2023,3:28:59 PM,104
371,155,01-03-2023,3:28:59 PM,111
372,155,01-03-2023,3:28:59 PM,113
373,155,01-03-2023,3:28:59 PM,118
374,156,01-03-2023,3:42:19 PM,111
375,156,01-03-2023,3:42:19 PM,106
376,157,01-03-2023,3:43:03 PM,117
377,157,01-03-2023,3:43:03 PM,128
378,157,01-03-2023,3:43:03 PM,120
379,157,01-03-2023,3:43:03 PM,130
380,158,01-03-2023,3:54:30 PM,127
381,158,01-03-2023,3:54:30 PM,106
382,159,01-03-2023,3:59:22 PM,125
383,159,01-03-2023,3:59:22 PM,106
384,160,01-03-2023,4:35:33 PM,108
385,161,01-03-2023,4:43:46 PM,109
386,161,01-03-2023,4:43:46 PM,122
387,161,01-03-2023,4:43:46 PM,NULL
388,162,01-03-2023,4:51:22 PM,107
389,163,01-03-2023,4:54:54 PM,109
390,163,01-03-2023,4:54:54 PM,113
391,163,01-03-2023,4:54:54 PM,114
392,164,01-03-2023,4:56:33 PM,102
393,164,01-03-2023,4:56:33 PM,113
394,165,01-03-2023,4:57:37 PM,119
395,166,01-03-2023,4:58:51 PM,119
396,167,01-03-2023,5:00:49 PM,101
397,167,01-03-2023,5:00:49 PM,117
398,167,01-03-2023,5:00:49 PM,113
399,168,01-03-2023,5:02:27 PM,107
400,168,01-03-2023,5:02:27 PM,132
401,169,01-03-2023,5:15:48 PM,125
402,169,01-03-2023,5:15:48 PM,110
403,169,01-03-2023,5:15:48 PM,120
404,170,01-03-2023,5:21:31 PM,109
405,171,01-03-2023,5:23:03 PM,111
406,172,01-03-2023,5:29:24 PM,111
407,172,01-03-2023,5:29:24 PM,123
408,172,01-03-2023,5:29:24 PM,106
409,173,01-03-2023,5:35:30 PM,102
410,173,01-03-2023,5:35:30 PM,108
411,173,01-03-2023,5:35:30 PM,132
412,174,01-03-2023,5:37:49 PM,107
413,174,01-03-2023,5:37:49 PM,102
414,174,01-03-2023,5:37:49 PM,102
415,174,01-03-2023,5:37:49 PM,110
416,175,01-03-2023,5:50:51 PM,117
417,176,01-03-2023,5:51:57 PM,102
418,176,01-03-2023,5:51:57 PM,118
419,177,01-03-2023,5:54:36 PM,111
420,177,01-03-2023,5:54:36 PM,106
421,178,01-03-2023,6:15:03 PM,118
422,179,01-03-2023,6:20:14 PM,109
423,179,01-03-2023,6:20:14 PM,120
424,179,01-03-2023,6:20:14 PM,132
425,180,01-03-2023,6:33:34 PM,108
426,180,01-03-2023,6:33:34 PM,119
427,181,01-03-2023,6:49:32 PM,129
428,182,01-03-2023,6:50:10 PM,115
429,182,01-03-2023,6:50:10 PM,118
430,183,01-03-2023,6:54:55 PM,111
431,183,01-03-2023,6:54:55 PM,130
432,183,01-03-2023,6:54:55 PM,130
433,184,01-03-2023,6:59:05 PM,109
434,185,01-03-2023,7:08:33 PM,120
435,185,01-03-2023,7:08:33 PM,130
436,186,01-03-2023,7:36:00 PM,129
437,186,01-03-2023,7:36:00 PM,105
438,186,01-03-2023,7:36:00 PM,130
439,186,01-03-2023,7:36:00 PM,106
440,187,01-03-2023,7:37:12 PM,124
441,187,01-03-2023,7:37:12 PM,130
442,188,01-03-2023,8:08:39 PM,124
443,188,01-03-2023,8:08:39 PM,113
444,188,01-03-2023,8:08:39 PM,118
445,189,01-03-2023,8:12:14 PM,107
446,189,01-03-2023,8:12:14 PM,106
447,190,01-03-2023,8:14:23 PM,101
448,190,01-03-2023,8:14:23 PM,125
449,190,01-03-2023,8:14:23 PM,112
450,190,01-03-2023,8:14:23 PM,119
451,191,01-03-2023,8:24:50 PM,102
452,191,01-03-2023,8:24:50 PM,103
453,192,01-03-2023,8:30:08 PM,120
454,192,01-03-2023,8:30:08 PM,105
455,193,01-03-2023,8:55:47 PM,107
456,193,01-03-2023,8:55:47 PM,102
457,193,01-03-2023,8:55:47 PM,103
458,194,01-03-2023,9:21:24 PM,101
459,195,01-03-2023,9:25:20 PM,101
460,196,01-03-2023,9:40:14 PM,120
461,196,01-03-2023,9:40:14 PM,122
462,196,01-03-2023,9:40:14 PM,132
463,197,01-03-2023,9:47:48 PM,125
464,197,01-03-2023,9:47:48 PM,110
465,197,01-03-2023,9:47:48 PM,127
466,197,01-03-2023,9:47:48 PM,121
467,198,01-03-2023,9:55:42 PM,107
468,198,01-03-2023,9:55:42 PM,103
469,199,01-03-2023,10:10:38 PM,103
470,200,01-03-2023,10:24:05 PM,NULL
471,201,01-03-2023,10:29:59 PM,116
472,201,01-03-2023,10:29:59 PM,104
473,201,01-03-2023,10:29:59 PM,117
474,201,01-03-2023,10:29:59 PM,NULL
475,202,01-03-2023,10:50:29 PM,102
476,203,01-04-2023,11:30:48 AM,102
477,203,01-04-2023,11:30:48 AM,127
478,203,01-04-2023,11:30:48 AM,112
479,203,01-04-2023,11:30:48 AM,114
480,204,01-04-2023,11:36:25 AM,122
481,205,01-04-2023,11:43:54 AM,102
482,205,01-04-2023,11:43:54 AM,103
483,205,01-04-2023,11:43:54 AM,119
484,206,01-04-2023,11:45:10 AM,111
485,206,01-04-2023,11:45:10 AM,113
486,206,01-04-2023,11:45:10 AM,122
487,207,01-04-2023,12:03:58 PM,122
488,208,01-04-2023,12:12:05 PM,101
489,208,01-04-2023,12:12:05 PM,101
490,208,01-04-2023,12:12:05 PM,103
491,208,01-04-2023,12:12:05 PM,113
492,208,01-04-2023,12:12:05 PM,114
493,209,01-04-2023,12:29:17 PM,102
494,210,01-04-2023,12:34:13 PM,131
495,211,01-04-2023,12:54:20 PM,113
496,212,01-04-2023,1:16:03 PM,110
497,213,01-04-2023,1:20:39 PM,125
498,214,01-04-2023,1:39:16 PM,110
499,214,01-04-2023,1:39:16 PM,117
500,214,01-04-2023,1:39:16 PM,129
501,214,01-04-2023,1:39:16 PM,130
502,215,01-04-2023,1:44:49 PM,126
503,216,01-04-2023,2:31:56 PM,101
504,216,01-04-2023,2:31:56 PM,124
505,216,01-04-2023,2:31:56 PM,109
506,217,01-04-2023,2:35:03 PM,108
507,217,01-04-2023,2:35:03 PM,131
508,218,01-04-2023,2:35:11 PM,122
509,219,01-04-2023,2:42:01 PM,101
510,219,01-04-2023,2:42:01 PM,124
511,219,01-04-2023,2:42:01 PM,118
512,219,01-04-2023,2:42:01 PM,131
513,220,01-04-2023,3:31:59 PM,109
514,220,01-04-2023,3:31:59 PM,110
515,220,01-04-2023,3:31:59 PM,111
516,220,01-04-2023,3:31:59 PM,122
517,221,01-04-2023,3:33:18 PM,124
518,221,01-04-2023,3:33:18 PM,119
519,221,01-04-2023,3:33:18 PM,114
520,222,01-04-2023,3:46:38 PM,125
521,222,01-04-2023,3:46:38 PM,120
522,223,01-04-2023,4:08:20 PM,112
523,224,01-04-2023,4:39:58 PM,103
524,224,01-04-2023,4:39:58 PM,117
525,224,01-04-2023,4:39:58 PM,111
526,224,01-04-2023,4:39:58 PM,106
527,225,01-04-2023,4:41:48 PM,101
528,225,01-04-2023,4:41:48 PM,101
529,225,01-04-2023,4:41:48 PM,105
530,226,01-04-2023,4:59:39 PM,108
531,227,01-04-2023,5:24:39 PM,101
532,227,01-04-2023,5:24:39 PM,114
533,228,01-04-2023,5:31:24 PM,127
534,229,01-04-2023,5:37:57 PM,127
535,229,01-04-2023,5:37:57 PM,119
536,229,01-04-2023,5:37:57 PM,130
537,230,01-04-2023,5:58:38 PM,106
538,231,01-04-2023,6:04:18 PM,102
539,231,01-04-2023,6:04:18 PM,111
540,231,01-04-2023,6:04:18 PM,119
541,232,01-04-2023,6:21:59 PM,101
542,232,01-04-2023,6:21:59 PM,123
543,233,01-04-2023,6:26:51 PM,131
544,234,01-04-2023,6:36:09 PM,103
545,234,01-04-2023,6:36:09 PM,117
546,234,01-04-2023,6:36:09 PM,111
547,235,01-04-2023,6:51:30 PM,102
548,236,01-04-2023,7:21:04 PM,108
549,236,01-04-2023,7:21:04 PM,126
550,237,01-04-2023,7:27:48 PM,126
551,238,01-04-2023,7:45:15 PM,130
552,239,01-04-2023,7:57:52 PM,117
553,239,01-04-2023,7:57:52 PM,106
554,240,01-04-2023,8:10:24 PM,125
555,241,01-04-2023,8:11:25 PM,120
556,241,01-04-2023,8:11:25 PM,123
557,242,01-04-2023,8:15:29 PM,116
558,242,01-04-2023,8:15:29 PM,106
559,242,01-04-2023,8:15:29 PM,132
560,243,01-04-2023,8:26:17 PM,108
561,243,01-04-2023,8:26:17 PM,123
562,244,01-04-2023,8:26:22 PM,117
563,244,01-04-2023,8:26:22 PM,122
564,245,01-04-2023,8:28:41 PM,101
565,245,01-04-2023,8:28:41 PM,104
566,246,01-04-2023,8:30:48 PM,103
567,246,01-04-2023,8:30:48 PM,113
568,247,01-04-2023,8:55:29 PM,109
569,247,01-04-2023,8:55:29 PM,120
570,247,01-04-2023,8:55:29 PM,123
571,248,01-04-2023,8:58:19 PM,109
572,248,01-04-2023,8:58:19 PM,106
573,249,01-04-2023,9:06:16 PM,101
574,249,01-04-2023,9:06:16 PM,116
575,250,01-04-2023,9:07:05 PM,125
576,251,01-04-2023,9:10:05 PM,129
577,252,01-04-2023,10:13:15 PM,119
578,253,01-04-2023,10:16:18 PM,115
579,254,01-04-2023,10:22:13 PM,101
580,254,01-04-2023,10:22:13 PM,115
581,254,01-04-2023,10:22:13 PM,124
582,255,01-05-2023,11:23:35 AM,124
583,255,01-05-2023,11:23:35 AM,126
584,255,01-05-2023,11:23:35 AM,109
585,255,01-05-2023,11:23:35 AM,131
586,256,01-05-2023,11:56:06 AM,112
587,257,01-05-2023,11:59:04 AM,102
588,257,01-05-2023,11:59:04 AM,103
589,258,01-05-2023,11:59:23 AM,108
590,259,01-05-2023,12:04:25 PM,113
591,260,01-05-2023,12:06:27 PM,124
592,260,01-05-2023,12:06:27 PM,114
593,261,01-05-2023,12:38:29 PM,115
594,262,01-05-2023,12:42:01 PM,102
595,263,01-05-2023,12:57:22 PM,130
596,264,01-05-2023,1:03:59 PM,129
597,265,01-05-2023,1:04:42 PM,103
598,265,01-05-2023,1:04:42 PM,129
599,265,01-05-2023,1:04:42 PM,120
600,265,01-05-2023,1:04:42 PM,122
601,266,01-05-2023,1:09:29 PM,118
602,267,01-05-2023,1:37:50 PM,125
603,267,01-05-2023,1:37:50 PM,128
604,267,01-05-2023,1:37:50 PM,111
605,268,01-05-2023,1:40:46 PM,117
606,268,01-05-2023,1:40:46 PM,113
607,269,01-05-2023,1:49:34 PM,103
608,270,01-05-2023,2:09:02 PM,105
609,270,01-05-2023,2:09:02 PM,130
610,270,01-05-2023,2:09:02 PM,106
611,271,01-05-2023,2:22:19 PM,107
612,271,01-05-2023,2:22:19 PM,102
613,271,01-05-2023,2:22:19 PM,103
614,271,01-05-2023,2:22:19 PM,104
615,271,01-05-2023,2:22:19 PM,108
616,271,01-05-2023,2:22:19 PM,117
617,271,01-05-2023,2:22:19 PM,120
618,271,01-05-2023,2:22:19 PM,121
619,271,01-05-2023,2:22:19 PM,105
620,271,01-05-2023,2:22:19 PM,114
621,272,01-05-2023,2:24:05 PM,117
622,273,01-05-2023,2:28:00 PM,121
623,274,01-05-2023,2:36:33 PM,125
624,274,01-05-2023,2:36:33 PM,106
625,275,01-05-2023,2:38:14 PM,108
626,275,01-05-2023,2:38:14 PM,124
627,275,01-05-2023,2:38:14 PM,113
628,275,01-05-2023,2:38:14 PM,120
629,276,01-05-2023,3:18:18 PM,124
630,276,01-05-2023,3:18:18 PM,122
631,277,01-05-2023,3:41:50 PM,125
632,278,01-05-2023,3:49:21 PM,127
633,278,01-05-2023,3:49:21 PM,105
634,279,01-05-2023,4:07:03 PM,102
635,279,01-05-2023,4:07:03 PM,103
636,280,01-05-2023,4:20:23 PM,119
637,280,01-05-2023,4:20:23 PM,132
638,281,01-05-2023,4:33:48 PM,120
639,282,01-05-2023,4:49:38 PM,108
640,282,01-05-2023,4:49:38 PM,124
641,282,01-05-2023,4:49:38 PM,118
642,282,01-05-2023,4:49:38 PM,130
643,283,01-05-2023,4:51:43 PM,111
644,284,01-05-2023,4:58:16 PM,125
645,284,01-05-2023,4:58:16 PM,109
646,284,01-05-2023,4:58:16 PM,111
647,285,01-05-2023,4:58:38 PM,119
648,286,01-05-2023,5:01:23 PM,117
649,286,01-05-2023,5:01:23 PM,118
650,287,01-05-2023,5:30:09 PM,117
651,287,01-05-2023,5:30:09 PM,112
652,287,01-05-2023,5:30:09 PM,113
653,287,01-05-2023,5:30:09 PM,120
654,288,01-05-2023,5:32:44 PM,115
655,288,01-05-2023,5:32:44 PM,119
656,288,01-05-2023,5:32:44 PM,123
657,289,01-05-2023,5:36:23 PM,124
658,290,01-05-2023,5:41:16 PM,108
659,290,01-05-2023,5:41:16 PM,132
660,291,01-05-2023,5:44:39 PM,101
661,291,01-05-2023,5:44:39 PM,103
662,291,01-05-2023,5:44:39 PM,125
663,292,01-05-2023,5:48:59 PM,130
664,292,01-05-2023,5:48:59 PM,131
665,293,01-05-2023,5:58:38 PM,108
666,293,01-05-2023,5:58:38 PM,127
667,294,01-05-2023,6:16:35 PM,101
668,294,01-05-2023,6:16:35 PM,117
669,294,01-05-2023,6:16:35 PM,106
670,295,01-05-2023,6:20:12 PM,102
671,296,01-05-2023,6:46:54 PM,126
672,296,01-05-2023,6:46:54 PM,110
673,296,01-05-2023,6:46:54 PM,106
674,297,01-05-2023,7:02:18 PM,105
675,298,01-05-2023,7:10:36 PM,102
676,298,01-05-2023,7:10:36 PM,102
677,298,01-05-2023,7:10:36 PM,103
678,298,01-05-2023,7:10:36 PM,108
679,299,01-05-2023,7:34:31 PM,108
680,299,01-05-2023,7:34:31 PM,131
681,300,01-05-2023,7:42:54 PM,107
682,300,01-05-2023,7:42:54 PM,110
683,300,01-05-2023,7:42:54 PM,127
684,300,01-05-2023,7:42:54 PM,123
685,301,01-05-2023,7:45:58 PM,111
686,302,01-05-2023,7:57:37 PM,118
687,303,01-05-2023,8:02:51 PM,107
688,303,01-05-2023,8:02:51 PM,110
689,303,01-05-2023,8:02:51 PM,113
690,304,01-05-2023,8:07:58 PM,109
691,304,01-05-2023,8:07:58 PM,129
692,305,01-05-2023,8:35:40 PM,113
693,305,01-05-2023,8:35:40 PM,120
694,305,01-05-2023,8:35:40 PM,122
695,306,01-05-2023,8:37:40 PM,107
696,306,01-05-2023,8:37:40 PM,109
697,306,01-05-2023,8:37:40 PM,111
698,307,01-05-2023,9:45:38 PM,108
699,307,01-05-2023,9:45:38 PM,106
700,308,01-05-2023,9:59:46 PM,109
701,308,01-05-2023,9:59:46 PM,112
702,308,01-05-2023,9:59:46 PM,106
703,309,01-06-2023,11:39:06 AM,124
704,309,01-06-2023,11:39:06 AM,118
705,310,01-06-2023,11:40:48 AM,109
706,310,01-06-2023,11:40:48 AM,106
707,311,01-06-2023,11:57:27 AM,120
708,312,01-06-2023,12:05:21 PM,107
709,312,01-06-2023,12:05:21 PM,115
710,312,01-06-2023,12:05:21 PM,103
711,312,01-06-2023,12:05:21 PM,120
712,313,01-06-2023,12:09:09 PM,108
713,314,01-06-2023,12:11:58 PM,116
714,314,01-06-2023,12:11:58 PM,124
715,314,01-06-2023,12:11:58 PM,126
716,314,01-06-2023,12:11:58 PM,109
717,314,01-06-2023,12:11:58 PM,132
718,315,01-06-2023,12:17:40 PM,108
719,316,01-06-2023,12:29:34 PM,109
720,316,01-06-2023,12:29:34 PM,117
721,317,01-06-2023,12:31:00 PM,102
722,317,01-06-2023,12:31:00 PM,108
723,317,01-06-2023,12:31:00 PM,125
724,317,01-06-2023,12:31:00 PM,109
725,317,01-06-2023,12:31:00 PM,112
726,317,01-06-2023,12:31:00 PM,119
727,317,01-06-2023,12:31:00 PM,131
728,318,01-06-2023,12:45:14 PM,110
729,318,01-06-2023,12:45:14 PM,129
730,318,01-06-2023,12:45:14 PM,121
731,318,01-06-2023,12:45:14 PM,122
732,319,01-06-2023,12:46:22 PM,117
733,320,01-06-2023,12:46:40 PM,102
734,320,01-06-2023,12:46:40 PM,104
735,321,01-06-2023,12:56:21 PM,117
736,322,01-06-2023,1:02:13 PM,102
737,322,01-06-2023,1:02:13 PM,104
738,322,01-06-2023,1:02:13 PM,108
739,322,01-06-2023,1:02:13 PM,106
740,323,01-06-2023,1:05:33 PM,108
741,324,01-06-2023,1:06:44 PM,124
742,325,01-06-2023,1:07:32 PM,108
743,325,01-06-2023,1:07:32 PM,132
744,326,01-06-2023,1:10:13 PM,102
745,326,01-06-2023,1:10:13 PM,123
746,327,01-06-2023,1:10:54 PM,108
747,328,01-06-2023,1:16:35 PM,128
748,329,01-06-2023,1:22:44 PM,122
749,329,01-06-2023,1:22:44 PM,123
750,330,01-06-2023,1:27:11 PM,107
751,330,01-06-2023,1:27:11 PM,103
752,330,01-06-2023,1:27:11 PM,108
753,330,01-06-2023,1:27:11 PM,108
754,330,01-06-2023,1:27:11 PM,124
755,330,01-06-2023,1:27:11 PM,125
756,330,01-06-2023,1:27:11 PM,109
757,330,01-06-2023,1:27:11 PM,112
758,330,01-06-2023,1:27:11 PM,118
759,330,01-06-2023,1:27:11 PM,120
760,330,01-06-2023,1:27:11 PM,122
761,330,01-06-2023,1:27:11 PM,122
762,330,01-06-2023,1:27:11 PM,131
763,330,01-06-2023,1:27:11 PM,114
764,331,01-06-2023,1:43:30 PM,119
765,332,01-06-2023,2:12:01 PM,120
766,332,01-06-2023,2:12:01 PM,105
767,332,01-06-2023,2:12:01 PM,106
768,333,01-06-2023,2:16:36 PM,103
769,334,01-06-2023,2:24:18 PM,116
770,334,01-06-2023,2:24:18 PM,113
771,334,01-06-2023,2:24:18 PM,105
772,334,01-06-2023,2:24:18 PM,106
773,335,01-06-2023,2:24:47 PM,128
774,336,01-06-2023,2:51:41 PM,119
775,337,01-06-2023,3:03:12 PM,109
776,337,01-06-2023,3:03:12 PM,113
777,338,01-06-2023,3:18:26 PM,129
778,338,01-06-2023,3:18:26 PM,106
779,338,01-06-2023,3:18:26 PM,NULL
780,339,01-06-2023,3:25:13 PM,122
781,340,01-06-2023,3:35:32 PM,118
782,341,01-06-2023,3:35:47 PM,101
783,341,01-06-2023,3:35:47 PM,113
784,342,01-06-2023,3:44:12 PM,120
785,342,01-06-2023,3:44:12 PM,105
786,343,01-06-2023,3:45:37 PM,124
787,343,01-06-2023,3:45:37 PM,125
788,344,01-06-2023,4:01:11 PM,110
789,345,01-06-2023,4:01:47 PM,118
790,345,01-06-2023,4:01:47 PM,131
791,346,01-06-2023,4:30:00 PM,126
792,346,01-06-2023,4:30:00 PM,109
793,346,01-06-2023,4:30:00 PM,110
794,346,01-06-2023,4:30:00 PM,111
795,347,01-06-2023,4:37:17 PM,131
796,347,01-06-2023,4:37:17 PM,106
797,347,01-06-2023,4:37:17 PM,132
798,348,01-06-2023,4:49:12 PM,108
799,348,01-06-2023,4:49:12 PM,106
800,348,01-06-2023,4:49:12 PM,106
801,349,01-06-2023,5:25:58 PM,113
802,350,01-06-2023,5:37:05 PM,108
803,350,01-06-2023,5:37:05 PM,113
804,350,01-06-2023,5:37:05 PM,122
805,351,01-06-2023,5:37:29 PM,107
806,351,01-06-2023,5:37:29 PM,109
807,352,01-06-2023,5:45:48 PM,107
808,352,01-06-2023,5:45:48 PM,110
809,353,01-06-2023,5:59:48 PM,101
810,353,01-06-2023,5:59:48 PM,102
811,353,01-06-2023,5:59:48 PM,119
812,354,01-06-2023,6:01:44 PM,126
813,354,01-06-2023,6:01:44 PM,132
814,355,01-06-2023,6:14:45 PM,103
815,355,01-06-2023,6:14:45 PM,117
816,356,01-06-2023,6:16:05 PM,103
817,357,01-06-2023,6:27:58 PM,102
818,357,01-06-2023,6:27:58 PM,105
819,357,01-06-2023,6:27:58 PM,131
820,358,01-06-2023,6:30:12 PM,117
821,359,01-06-2023,6:33:08 PM,126
822,359,01-06-2023,6:33:08 PM,106
823,360,01-06-2023,6:50:38 PM,101
824,360,01-06-2023,6:50:38 PM,126
825,360,01-06-2023,6:50:38 PM,109
826,361,01-06-2023,7:12:38 PM,107
827,361,01-06-2023,7:12:38 PM,110
828,362,01-06-2023,7:13:36 PM,101
829,362,01-06-2023,7:13:36 PM,129
830,363,01-06-2023,7:20:31 PM,128
831,363,01-06-2023,7:20:31 PM,129
832,364,01-06-2023,7:27:24 PM,117
833,364,01-06-2023,7:27:24 PM,NULL
834,365,01-06-2023,7:37:26 PM,125
835,365,01-06-2023,7:37:26 PM,128
836,365,01-06-2023,7:37:26 PM,113
837,366,01-06-2023,8:04:20 PM,110
838,367,01-06-2023,8:05:12 PM,109
839,367,01-06-2023,8:05:12 PM,131
840,368,01-06-2023,8:28:16 PM,130
841,368,01-06-2023,8:28:16 PM,106
842,369,01-06-2023,8:30:06 PM,131
843,370,01-06-2023,9:02:30 PM,125
844,370,01-06-2023,9:02:30 PM,109
845,371,01-06-2023,9:15:20 PM,113
846,372,01-06-2023,10:26:59 PM,131
847,373,01-07-2023,11:45:18 AM,104
848,373,01-07-2023,11:45:18 AM,108
849,373,01-07-2023,11:45:18 AM,120
850,374,01-07-2023,11:55:59 AM,107
851,374,01-07-2023,11:55:59 AM,103
852,374,01-07-2023,11:55:59 AM,118
853,375,01-07-2023,11:58:36 AM,129
854,376,01-07-2023,12:01:17 PM,NULL
855,376,01-07-2023,12:01:17 PM,132
856,377,01-07-2023,12:03:18 PM,109
857,377,01-07-2023,12:03:18 PM,106
858,378,01-07-2023,12:19:37 PM,127
859,379,01-07-2023,12:25:37 PM,106
860,380,01-07-2023,12:32:10 PM,116
861,380,01-07-2023,12:32:10 PM,102
862,381,01-07-2023,12:33:06 PM,105
863,382,01-07-2023,12:33:07 PM,106
864,382,01-07-2023,12:33:07 PM,132
865,383,01-07-2023,12:43:59 PM,122
866,384,01-07-2023,12:51:46 PM,109
867,384,01-07-2023,12:51:46 PM,110
868,384,01-07-2023,12:51:46 PM,128
869,384,01-07-2023,12:51:46 PM,114
870,385,01-07-2023,12:54:19 PM,132
871,386,01-07-2023,12:58:16 PM,127
872,386,01-07-2023,12:58:16 PM,121
873,386,01-07-2023,12:58:16 PM,106
874,387,01-07-2023,1:03:14 PM,101
875,387,01-07-2023,1:03:14 PM,107
876,387,01-07-2023,1:03:14 PM,104
877,387,01-07-2023,1:03:14 PM,124
878,387,01-07-2023,1:03:14 PM,113
879,387,01-07-2023,1:03:14 PM,122
880,387,01-07-2023,1:03:14 PM,131
881,388,01-07-2023,1:04:56 PM,101
882,388,01-07-2023,1:04:56 PM,103
883,388,01-07-2023,1:04:56 PM,128
884,388,01-07-2023,1:04:56 PM,132
885,389,01-07-2023,1:10:17 PM,130
886,390,01-07-2023,1:15:32 PM,112
887,391,01-07-2023,1:25:31 PM,114
888,392,01-07-2023,1:36:47 PM,107
889,392,01-07-2023,1:36:47 PM,116
890,392,01-07-2023,1:36:47 PM,102
891,392,01-07-2023,1:36:47 PM,113
892,392,01-07-2023,1:36:47 PM,119
893,392,01-07-2023,1:36:47 PM,120
894,392,01-07-2023,1:36:47 PM,121
895,392,01-07-2023,1:36:47 PM,122
896,393,01-07-2023,1:48:31 PM,126
897,393,01-07-2023,1:48:31 PM,109
898,394,01-07-2023,2:02:18 PM,107
899,394,01-07-2023,2:02:18 PM,104
900,394,01-07-2023,2:02:18 PM,109
901,394,01-07-2023,2:02:18 PM,109
902,394,01-07-2023,2:02:18 PM,112
903,394,01-07-2023,2:02:18 PM,113
904,394,01-07-2023,2:02:18 PM,113
905,394,01-07-2023,2:02:18 PM,120
906,394,01-07-2023,2:02:18 PM,122
907,394,01-07-2023,2:02:18 PM,130
908,394,01-07-2023,2:02:18 PM,106
909,394,01-07-2023,2:02:18 PM,132
910,395,01-07-2023,2:11:08 PM,111
911,396,01-07-2023,2:12:21 PM,131
912,397,01-07-2023,2:31:10 PM,124
913,397,01-07-2023,2:31:10 PM,109
914,397,01-07-2023,2:31:10 PM,113
915,398,01-07-2023,2:56:26 PM,113
916,399,01-07-2023,3:47:49 PM,101
917,399,01-07-2023,3:47:49 PM,102
918,399,01-07-2023,3:47:49 PM,125
919,399,01-07-2023,3:47:49 PM,114
920,400,01-07-2023,4:03:07 PM,113
921,400,01-07-2023,4:03:07 PM,106
922,401,01-07-2023,4:08:35 PM,132
923,402,01-07-2023,4:24:46 PM,125
924,402,01-07-2023,4:24:46 PM,117
925,403,01-07-2023,4:26:10 PM,101
926,403,01-07-2023,4:26:10 PM,108
927,403,01-07-2023,4:26:10 PM,119
928,404,01-07-2023,4:39:27 PM,104
929,405,01-07-2023,4:44:16 PM,120
930,406,01-07-2023,4:50:49 PM,103
931,406,01-07-2023,4:50:49 PM,108
932,406,01-07-2023,4:50:49 PM,127
933,407,01-07-2023,4:56:42 PM,102
934,407,01-07-2023,4:56:42 PM,108
935,407,01-07-2023,4:56:42 PM,113
936,408,01-07-2023,5:09:09 PM,115
937,408,01-07-2023,5:09:09 PM,118
938,409,01-07-2023,5:15:04 PM,113
939,410,01-07-2023,5:33:49 PM,107
940,410,01-07-2023,5:33:49 PM,128
941,410,01-07-2023,5:33:49 PM,NULL
942,411,01-07-2023,5:58:09 PM,117
943,411,01-07-2023,5:58:09 PM,105
944,412,01-07-2023,6:07:46 PM,115
945,412,01-07-2023,6:07:46 PM,123
946,413,01-07-2023,6:11:32 PM,114
947,414,01-07-2023,6:13:22 PM,108
948,414,01-07-2023,6:13:22 PM,124
949,414,01-07-2023,6:13:22 PM,117
950,415,01-07-2023,6:16:23 PM,102
951,416,01-07-2023,6:17:42 PM,131
952,417,01-07-2023,6:24:40 PM,113
953,418,01-07-2023,6:40:11 PM,104
954,418,01-07-2023,6:40:11 PM,120
955,419,01-07-2023,7:02:31 PM,101
956,419,01-07-2023,7:02:31 PM,109
957,419,01-07-2023,7:02:31 PM,127
958,419,01-07-2023,7:02:31 PM,132
959,420,01-07-2023,7:04:40 PM,124
960,420,01-07-2023,7:04:40 PM,112
961,421,01-07-2023,7:21:58 PM,101
962,421,01-07-2023,7:21:58 PM,116
963,421,01-07-2023,7:21:58 PM,104
964,422,01-07-2023,7:30:25 PM,125
965,422,01-07-2023,7:30:25 PM,117
966,422,01-07-2023,7:30:25 PM,131
967,423,01-07-2023,7:45:07 PM,117
968,423,01-07-2023,7:45:07 PM,120
969,424,01-07-2023,8:01:28 PM,113
970,425,01-07-2023,8:21:19 PM,121
971,426,01-07-2023,8:25:45 PM,108
972,426,01-07-2023,8:25:45 PM,120
973,426,01-07-2023,8:25:45 PM,121
974,427,01-07-2023,9:49:00 PM,131
975,428,01-07-2023,10:05:00 PM,116
976,428,01-07-2023,10:05:00 PM,110
977,429,01-07-2023,10:16:53 PM,122
978,430,01-07-2023,10:46:13 PM,126
979,430,01-07-2023,10:46:13 PM,120
980,431,01-08-2023,11:17:13 AM,107
981,431,01-08-2023,11:17:13 AM,103
982,431,01-08-2023,11:17:13 AM,125
983,431,01-08-2023,11:17:13 AM,109
984,432,01-08-2023,11:39:07 AM,110
985,432,01-08-2023,11:39:07 AM,106
986,432,01-08-2023,11:39:07 AM,132
987,433,01-08-2023,11:49:50 AM,122
988,434,01-08-2023,11:54:14 AM,111
989,434,01-08-2023,11:54:14 AM,122
990,434,01-08-2023,11:54:14 AM,132
991,435,01-08-2023,12:06:09 PM,108
992,435,01-08-2023,12:06:09 PM,112
993,435,01-08-2023,12:06:09 PM,123
994,436,01-08-2023,12:07:21 PM,108
995,436,01-08-2023,12:07:21 PM,117
996,436,01-08-2023,12:07:21 PM,112
997,436,01-08-2023,12:07:21 PM,118
998,437,01-08-2023,12:07:54 PM,101
999,438,01-08-2023,12:08:38 PM,132
1000,439,01-08-2023,12:13:08 PM,103
1001,439,01-08-2023,12:13:08 PM,113
1002,439,01-08-2023,12:13:08 PM,114
1003,440,01-08-2023,12:16:34 PM,116
1004,440,01-08-2023,12:16:34 PM,103
1005,440,01-08-2023,12:16:34 PM,124
1006,440,01-08-2023,12:16:34 PM,125
1007,440,01-08-2023,12:16:34 PM,125
1008,440,01-08-2023,12:16:34 PM,126
1009,440,01-08-2023,12:16:34 PM,126
1010,440,01-08-2023,12:16:34 PM,109
1011,440,01-08-2023,12:16:34 PM,127
1012,440,01-08-2023,12:16:34 PM,113
1013,440,01-08-2023,12:16:34 PM,122
1014,440,01-08-2023,12:16:34 PM,131
1015,440,01-08-2023,12:16:34 PM,106
1016,440,01-08-2023,12:16:34 PM,132
1017,441,01-08-2023,12:16:58 PM,122
1018,441,01-08-2023,12:16:58 PM,106
1019,442,01-08-2023,12:28:49 PM,118
1020,443,01-08-2023,12:34:20 PM,107
1021,443,01-08-2023,12:34:20 PM,102
1022,443,01-08-2023,12:34:20 PM,125
1023,443,01-08-2023,12:34:20 PM,110
1024,443,01-08-2023,12:34:20 PM,127
1025,443,01-08-2023,12:34:20 PM,129
1026,443,01-08-2023,12:34:20 PM,113
1027,443,01-08-2023,12:34:20 PM,120
1028,443,01-08-2023,12:34:20 PM,120
1029,443,01-08-2023,12:34:20 PM,105
1030,443,01-08-2023,12:34:20 PM,122
1031,443,01-08-2023,12:34:20 PM,122
1032,443,01-08-2023,12:34:20 PM,123
1033,443,01-08-2023,12:34:20 PM,106
1034,444,01-08-2023,12:40:05 PM,125
1035,445,01-08-2023,12:57:39 PM,109
1036,446,01-08-2023,12:58:01 PM,107
1037,446,01-08-2023,12:58:01 PM,127
1038,446,01-08-2023,12:58:01 PM,120
1039,447,01-08-2023,1:02:00 PM,124
1040,448,01-08-2023,1:03:34 PM,109
1041,448,01-08-2023,1:03:34 PM,112
1042,448,01-08-2023,1:03:34 PM,120
1043,449,01-08-2023,1:04:15 PM,106
1044,450,01-08-2023,1:07:53 PM,107
1045,451,01-08-2023,1:19:06 PM,124
1046,451,01-08-2023,1:19:06 PM,110
1047,451,01-08-2023,1:19:06 PM,105
1048,452,01-08-2023,1:24:11 PM,101
1049,452,01-08-2023,1:24:11 PM,107
1050,452,01-08-2023,1:24:11 PM,120
1051,453,01-08-2023,1:27:14 PM,102
1052,453,01-08-2023,1:27:14 PM,125
1053,453,01-08-2023,1:27:14 PM,120
1054,453,01-08-2023,1:27:14 PM,106
1055,454,01-08-2023,1:31:40 PM,122
1056,455,01-08-2023,1:39:14 PM,117
1057,456,01-08-2023,1:47:53 PM,131
1058,457,01-08-2023,1:59:04 PM,102
1059,457,01-08-2023,1:59:04 PM,103
1060,457,01-08-2023,1:59:04 PM,108
1061,458,01-08-2023,2:00:05 PM,119
1062,458,01-08-2023,2:00:05 PM,123
1063,458,01-08-2023,2:00:05 PM,114
1064,459,01-08-2023,2:14:02 PM,122
1065,460,01-08-2023,2:19:58 PM,126
1066,460,01-08-2023,2:19:58 PM,117
1067,461,01-08-2023,2:21:19 PM,102
1068,461,01-08-2023,2:21:19 PM,109
1069,462,01-08-2023,2:38:41 PM,131
1070,463,01-08-2023,2:40:28 PM,101
1071,463,01-08-2023,2:40:28 PM,119
1072,464,01-08-2023,2:49:01 PM,101
1073,464,01-08-2023,2:49:01 PM,116
1074,465,01-08-2023,2:55:23 PM,111
1075,466,01-08-2023,3:30:10 PM,131
1076,466,01-08-2023,3:30:10 PM,NULL
1077,467,01-08-2023,3:33:13 PM,119
1078,468,01-08-2023,3:36:12 PM,125
1079,468,01-08-2023,3:36:12 PM,113
1080,469,01-08-2023,3:37:18 PM,101
1081,469,01-08-2023,3:37:18 PM,120
1082,470,01-08-2023,3:49:13 PM,132
1083,471,01-08-2023,4:20:26 PM,127
1084,472,01-08-2023,4:29:50 PM,127
1085,472,01-08-2023,4:29:50 PM,127
1086,473,01-08-2023,4:41:27 PM,109
1087,473,01-08-2023,4:41:27 PM,119
1088,473,01-08-2023,4:41:27 PM,105
1089,474,01-08-2023,4:47:48 PM,126
1090,474,01-08-2023,4:47:48 PM,113
1091,475,01-08-2023,5:15:17 PM,107
1092,475,01-08-2023,5:15:17 PM,106
1093,476,01-08-2023,5:27:56 PM,113
1094,476,01-08-2023,5:27:56 PM,119
1095,476,01-08-2023,5:27:56 PM,132
1096,477,01-08-2023,5:30:04 PM,126
1097,477,01-08-2023,5:30:04 PM,129
1098,478,01-08-2023,5:35:56 PM,116
1099,478,01-08-2023,5:35:56 PM,103
1100,479,01-08-2023,5:37:03 PM,124
1101,479,01-08-2023,5:37:03 PM,110
1102,480,01-08-2023,5:41:31 PM,113
1103,481,01-08-2023,5:41:37 PM,113
1104,481,01-08-2023,5:41:37 PM,131
1105,482,01-08-2023,5:52:42 PM,126
1106,482,01-08-2023,5:52:42 PM,117
1107,482,01-08-2023,5:52:42 PM,122
1108,483,01-08-2023,5:54:05 PM,101
1109,483,01-08-2023,5:54:05 PM,111
1110,483,01-08-2023,5:54:05 PM,112
1111,483,01-08-2023,5:54:05 PM,122
1112,484,01-08-2023,6:02:54 PM,125
1113,484,01-08-2023,6:02:54 PM,129
1114,485,01-08-2023,6:07:31 PM,102
1115,486,01-08-2023,6:15:08 PM,123
1116,487,01-08-2023,6:30:16 PM,109
1117,487,01-08-2023,6:30:16 PM,120
1118,487,01-08-2023,6:30:16 PM,131
1119,488,01-08-2023,6:46:02 PM,132
1120,489,01-08-2023,6:48:43 PM,118
1121,490,01-08-2023,6:49:24 PM,107
1122,490,01-08-2023,6:49:24 PM,108
1123,490,01-08-2023,6:49:24 PM,111
1124,491,01-08-2023,7:01:12 PM,111
1125,491,01-08-2023,7:01:12 PM,113
1126,491,01-08-2023,7:01:12 PM,118
1127,491,01-08-2023,7:01:12 PM,119
1128,492,01-08-2023,7:06:21 PM,104
1129,492,01-08-2023,7:06:21 PM,120
1130,492,01-08-2023,7:06:21 PM,131
1131,493,01-08-2023,7:31:47 PM,117
1132,494,01-08-2023,7:38:40 PM,124
1133,494,01-08-2023,7:38:40 PM,125
1134,494,01-08-2023,7:38:40 PM,129
1135,494,01-08-2023,7:38:40 PM,105
1136,495,01-08-2023,7:42:52 PM,117
1137,495,01-08-2023,7:42:52 PM,120
1138,496,01-08-2023,7:46:18 PM,109
1139,496,01-08-2023,7:46:18 PM,121
1140,497,01-08-2023,7:49:26 PM,132
1141,498,01-08-2023,8:02:25 PM,117
1142,499,01-08-2023,9:10:46 PM,116
1143,499,01-08-2023,9:10:46 PM,125
1144,499,01-08-2023,9:10:46 PM,129
1145,499,01-08-2023,9:10:46 PM,112
1146,500,01-08-2023,9:46:49 PM,128
1147,501,01-08-2023,9:51:31 PM,102
1148,501,01-08-2023,9:51:31 PM,109
1149,501,01-08-2023,9:51:31 PM,105
1150,502,01-08-2023,10:26:08 PM,127
1151,503,01-09-2023,11:16:21 AM,113
1152,503,01-09-2023,11:16:21 AM,120
1153,504,01-09-2023,11:48:18 AM,114
1154,505,01-09-2023,11:55:10 AM,113
1155,505,01-09-2023,11:55:10 AM,NULL
1156,506,01-09-2023,12:02:09 PM,131
1157,507,01-09-2023,12:06:03 PM,104
1158,508,01-09-2023,12:13:32 PM,102
1159,508,01-09-2023,12:13:32 PM,102
1160,508,01-09-2023,12:13:32 PM,113
1161,509,01-09-2023,12:13:58 PM,122
1162,510,01-09-2023,12:15:03 PM,108
1163,510,01-09-2023,12:15:03 PM,108
1164,510,01-09-2023,12:15:03 PM,117
1165,510,01-09-2023,12:15:03 PM,122
1166,511,01-09-2023,12:18:21 PM,124
1167,512,01-09-2023,12:19:24 PM,127
1168,513,01-09-2023,12:22:48 PM,125
1169,513,01-09-2023,12:22:48 PM,127
1170,513,01-09-2023,12:22:48 PM,113
1171,513,01-09-2023,12:22:48 PM,106
1172,514,01-09-2023,12:26:47 PM,108
1173,515,01-09-2023,1:07:37 PM,104
1174,515,01-09-2023,1:07:37 PM,128
1175,516,01-09-2023,1:09:09 PM,111
1176,516,01-09-2023,1:09:09 PM,132
1177,517,01-09-2023,1:09:11 PM,129
1178,518,01-09-2023,1:11:25 PM,107
1179,518,01-09-2023,1:11:25 PM,119
1180,518,01-09-2023,1:11:25 PM,120
1181,519,01-09-2023,1:15:20 PM,119
1182,520,01-09-2023,1:22:33 PM,130
1183,521,01-09-2023,1:43:07 PM,106
1184,522,01-09-2023,2:09:33 PM,101
1185,522,01-09-2023,2:09:33 PM,107
1186,522,01-09-2023,2:09:33 PM,108
1187,522,01-09-2023,2:09:33 PM,124
1188,522,01-09-2023,2:09:33 PM,125
1189,522,01-09-2023,2:09:33 PM,126
1190,522,01-09-2023,2:09:33 PM,110
1191,522,01-09-2023,2:09:33 PM,127
1192,522,01-09-2023,2:09:33 PM,120
1193,522,01-09-2023,2:09:33 PM,114
1194,522,01-09-2023,2:09:33 PM,114
1195,523,01-09-2023,2:42:14 PM,119
1196,524,01-09-2023,2:51:35 PM,120
1197,524,01-09-2023,2:51:35 PM,106
1198,525,01-09-2023,3:08:46 PM,113
1199,526,01-09-2023,3:10:13 PM,102
1200,526,01-09-2023,3:10:13 PM,124
1201,527,01-09-2023,3:23:37 PM,125
1202,527,01-09-2023,3:23:37 PM,105
1203,528,01-09-2023,3:27:21 PM,110
1204,529,01-09-2023,3:31:01 PM,116
1205,529,01-09-2023,3:31:01 PM,102
1206,529,01-09-2023,3:31:01 PM,109
1207,530,01-09-2023,3:43:01 PM,108
1208,530,01-09-2023,3:43:01 PM,117
1209,531,01-09-2023,3:58:10 PM,118
1210,532,01-09-2023,4:14:28 PM,118
1211,532,01-09-2023,4:14:28 PM,121
1212,533,01-09-2023,4:28:43 PM,124
1213,533,01-09-2023,4:28:43 PM,122
1214,533,01-09-2023,4:28:43 PM,NULL
1215,534,01-09-2023,4:43:32 PM,119
1216,534,01-09-2023,4:43:32 PM,105
1217,535,01-09-2023,5:08:47 PM,108
1218,536,01-09-2023,5:18:50 PM,115
1219,536,01-09-2023,5:18:50 PM,118
1220,537,01-09-2023,5:23:52 PM,108
1221,537,01-09-2023,5:23:52 PM,109
1222,537,01-09-2023,5:23:52 PM,117
1223,538,01-09-2023,5:44:04 PM,123
1224,539,01-09-2023,5:51:34 PM,124
1225,539,01-09-2023,5:51:34 PM,127
1226,539,01-09-2023,5:51:34 PM,131
1227,540,01-09-2023,5:52:41 PM,123
1228,541,01-09-2023,6:07:47 PM,107
1229,542,01-09-2023,6:08:06 PM,101
1230,542,01-09-2023,6:08:06 PM,119
1231,543,01-09-2023,6:23:59 PM,104
1232,543,01-09-2023,6:23:59 PM,108
1233,543,01-09-2023,6:23:59 PM,128
1234,544,01-09-2023,6:31:04 PM,111
1235,544,01-09-2023,6:31:04 PM,120
1236,545,01-09-2023,6:46:28 PM,113
1237,545,01-09-2023,6:46:28 PM,113
1238,545,01-09-2023,6:46:28 PM,118
1239,545,01-09-2023,6:46:28 PM,121
1240,546,01-09-2023,6:47:27 PM,126
1241,547,01-09-2023,6:49:23 PM,107
1242,548,01-09-2023,7:06:09 PM,109
1243,549,01-09-2023,7:06:34 PM,107
1244,549,01-09-2023,7:06:34 PM,106
1245,550,01-09-2023,7:12:59 PM,131
1246,550,01-09-2023,7:12:59 PM,114
1247,551,01-09-2023,7:26:24 PM,125
1248,551,01-09-2023,7:26:24 PM,121
1249,551,01-09-2023,7:26:24 PM,106
1250,551,01-09-2023,7:26:24 PM,114
1251,552,01-09-2023,7:31:25 PM,103
1252,552,01-09-2023,7:31:25 PM,126
1253,552,01-09-2023,7:31:25 PM,117
1254,553,01-09-2023,8:14:47 PM,129
1255,554,01-09-2023,8:15:51 PM,103
1256,554,01-09-2023,8:15:51 PM,126
1257,555,01-09-2023,8:18:25 PM,101
1258,555,01-09-2023,8:18:25 PM,109
1259,556,01-09-2023,8:23:12 PM,125
1260,556,01-09-2023,8:23:12 PM,NULL
1261,557,01-09-2023,8:30:06 PM,120
1262,557,01-09-2023,8:30:06 PM,122
1263,558,01-09-2023,8:51:10 PM,109
1264,559,01-09-2023,9:10:16 PM,108
1265,560,01-09-2023,9:13:48 PM,126
1266,560,01-09-2023,9:13:48 PM,122
1267,561,01-09-2023,9:47:56 PM,123
1268,562,01-09-2023,10:04:05 PM,103
1269,563,01-09-2023,10:19:03 PM,129
1270,563,01-09-2023,10:19:03 PM,132
1271,564,01-09-2023,10:32:32 PM,128
1272,564,01-09-2023,10:32:32 PM,113
1273,564,01-09-2023,10:32:32 PM,123
1274,565,01-10-2023,12:11:19 PM,127
1275,566,01-10-2023,12:21:19 PM,123
1276,567,01-10-2023,12:27:47 PM,101
1277,567,01-10-2023,12:27:47 PM,124
1278,567,01-10-2023,12:27:47 PM,125
1279,567,01-10-2023,12:27:47 PM,113
1280,567,01-10-2023,12:27:47 PM,120
1281,567,01-10-2023,12:27:47 PM,120
1282,567,01-10-2023,12:27:47 PM,121
1283,567,01-10-2023,12:27:47 PM,122
1284,567,01-10-2023,12:27:47 PM,123
1285,567,01-10-2023,12:27:47 PM,106
1286,568,01-10-2023,12:28:53 PM,129
1287,569,01-10-2023,12:37:10 PM,101
1288,569,01-10-2023,12:37:10 PM,103
1289,569,01-10-2023,12:37:10 PM,108
1290,570,01-10-2023,1:13:59 PM,126
1291,570,01-10-2023,1:13:59 PM,105
1292,571,01-10-2023,1:14:47 PM,107
1293,572,01-10-2023,1:15:32 PM,105
1294,573,01-10-2023,1:39:33 PM,108
1295,573,01-10-2023,1:39:33 PM,124
1296,574,01-10-2023,1:40:54 PM,127
1297,575,01-10-2023,1:41:04 PM,108
1298,575,01-10-2023,1:41:04 PM,111
1299,575,01-10-2023,1:41:04 PM,113
1300,575,01-10-2023,1:41:04 PM,131
1301,576,01-10-2023,1:44:22 PM,107
1302,576,01-10-2023,1:44:22 PM,103
1303,576,01-10-2023,1:44:22 PM,131
1304,577,01-10-2023,1:45:00 PM,131
1305,577,01-10-2023,1:45:00 PM,132
1306,578,01-10-2023,1:48:49 PM,101
1307,578,01-10-2023,1:48:49 PM,116
1308,578,01-10-2023,1:48:49 PM,113
1309,578,01-10-2023,1:48:49 PM,118
1310,578,01-10-2023,1:48:49 PM,NULL
1311,579,01-10-2023,1:51:19 PM,126
1312,580,01-10-2023,1:56:01 PM,109
1313,580,01-10-2023,1:56:01 PM,105
1314,581,01-10-2023,2:13:01 PM,129
1315,582,01-10-2023,2:24:14 PM,128
1316,583,01-10-2023,2:33:19 PM,117
1317,584,01-10-2023,3:05:29 PM,120
1318,584,01-10-2023,3:05:29 PM,121
1319,585,01-10-2023,3:58:42 PM,115
1320,585,01-10-2023,3:58:42 PM,129
1321,586,01-10-2023,4:09:57 PM,110
1322,586,01-10-2023,4:09:57 PM,105
1323,587,01-10-2023,4:32:36 PM,118
1324,587,01-10-2023,4:32:36 PM,118
1325,588,01-10-2023,4:33:36 PM,102
1326,589,01-10-2023,5:12:39 PM,117
1327,589,01-10-2023,5:12:39 PM,128
1328,589,01-10-2023,5:12:39 PM,132
1329,590,01-10-2023,5:23:39 PM,124
1330,591,01-10-2023,5:32:54 PM,125
1331,591,01-10-2023,5:32:54 PM,105
1332,591,01-10-2023,5:32:54 PM,130
1333,592,01-10-2023,5:41:55 PM,127
1334,592,01-10-2023,5:41:55 PM,112
1335,592,01-10-2023,5:41:55 PM,106
1336,593,01-10-2023,5:48:57 PM,102
1337,593,01-10-2023,5:48:57 PM,122
1338,594,01-10-2023,5:50:19 PM,116
1339,595,01-10-2023,6:12:28 PM,108
1340,595,01-10-2023,6:12:28 PM,119
1341,596,01-10-2023,6:24:07 PM,112
1342,596,01-10-2023,6:24:07 PM,121
1343,597,01-10-2023,6:32:36 PM,102
1344,597,01-10-2023,6:32:36 PM,119
1345,597,01-10-2023,6:32:36 PM,122
1346,598,01-10-2023,6:34:14 PM,119
1347,599,01-10-2023,6:34:27 PM,118
1348,600,01-10-2023,6:53:52 PM,108
1349,600,01-10-2023,6:53:52 PM,125
1350,600,01-10-2023,6:53:52 PM,128
1351,600,01-10-2023,6:53:52 PM,129
1352,601,01-10-2023,6:58:19 PM,101
1353,601,01-10-2023,6:58:19 PM,108
1354,601,01-10-2023,6:58:19 PM,130
1355,602,01-10-2023,7:02:27 PM,118
1356,603,01-10-2023,7:03:11 PM,129
1357,604,01-10-2023,7:13:29 PM,121
1358,604,01-10-2023,7:13:29 PM,123
1359,605,01-10-2023,7:23:51 PM,113
1360,605,01-10-2023,7:23:51 PM,NULL
1361,606,01-10-2023,7:27:18 PM,113
1362,607,01-10-2023,7:36:16 PM,101
1363,607,01-10-2023,7:36:16 PM,117
1364,607,01-10-2023,7:36:16 PM,123
1365,608,01-10-2023,7:36:33 PM,109
1366,608,01-10-2023,7:36:33 PM,113
1367,608,01-10-2023,7:36:33 PM,106
1368,608,01-10-2023,7:36:33 PM,106
1369,609,01-10-2023,7:39:32 PM,125
1370,610,01-10-2023,7:51:02 PM,107
1371,610,01-10-2023,7:51:02 PM,113
1372,611,01-10-2023,7:58:10 PM,124
1373,611,01-10-2023,7:58:10 PM,129
1374,611,01-10-2023,7:58:10 PM,105
1375,611,01-10-2023,7:58:10 PM,NULL
1376,612,01-10-2023,7:58:15 PM,107
1377,612,01-10-2023,7:58:15 PM,117
1378,612,01-10-2023,7:58:15 PM,129
1379,612,01-10-2023,7:58:15 PM,121
1380,613,01-10-2023,8:10:44 PM,111
1381,614,01-10-2023,8:12:33 PM,118
1382,615,01-10-2023,8:14:03 PM,102
1383,615,01-10-2023,8:14:03 PM,112
1384,616,01-10-2023,8:20:10 PM,119
1385,616,01-10-2023,8:20:10 PM,132
1386,617,01-10-2023,8:27:26 PM,104
1387,617,01-10-2023,8:27:26 PM,105
1388,618,01-10-2023,8:31:14 PM,119
1389,618,01-10-2023,8:31:14 PM,130
1390,619,01-10-2023,8:41:58 PM,110
1391,620,01-10-2023,8:45:45 PM,101
1392,620,01-10-2023,8:45:45 PM,102
1393,620,01-10-2023,8:45:45 PM,118
1394,620,01-10-2023,8:45:45 PM,114
1395,621,01-10-2023,8:49:29 PM,116
1396,621,01-10-2023,8:49:29 PM,125
1397,621,01-10-2023,8:49:29 PM,129
1398,621,01-10-2023,8:49:29 PM,122
1399,622,01-10-2023,8:57:41 PM,117
1400,622,01-10-2023,8:57:41 PM,122
1401,623,01-10-2023,9:21:21 PM,102
1402,623,01-10-2023,9:21:21 PM,109
1403,624,01-10-2023,9:22:44 PM,102
1404,624,01-10-2023,9:22:44 PM,132
1405,625,01-10-2023,9:50:23 PM,131
1406,625,01-10-2023,9:50:23 PM,123
1407,626,01-10-2023,9:55:12 PM,108
1408,626,01-10-2023,9:55:12 PM,125
1409,627,01-10-2023,10:18:35 PM,114
1410,627,01-10-2023,10:18:35 PM,114
1411,628,01-10-2023,10:47:17 PM,108
1412,628,01-10-2023,10:47:17 PM,127
1413,628,01-10-2023,10:47:17 PM,114
1414,628,01-10-2023,10:47:17 PM,132
1415,629,01-10-2023,10:48:39 PM,116
1416,629,01-10-2023,10:48:39 PM,124
1417,629,01-10-2023,10:48:39 PM,112
1418,629,01-10-2023,10:48:39 PM,130
1419,630,01-11-2023,11:42:08 AM,120
1420,631,01-11-2023,11:44:36 AM,113
1421,632,01-11-2023,11:44:52 AM,108
1422,633,01-11-2023,11:51:45 AM,128
1423,633,01-11-2023,11:51:45 AM,113
1424,633,01-11-2023,11:51:45 AM,118
1425,634,01-11-2023,12:14:15 PM,113
1426,635,01-11-2023,12:18:31 PM,116
1427,635,01-11-2023,12:18:31 PM,102
1428,635,01-11-2023,12:18:31 PM,109
1429,635,01-11-2023,12:18:31 PM,129
1430,635,01-11-2023,12:18:31 PM,113
1431,635,01-11-2023,12:18:31 PM,113
1432,635,01-11-2023,12:18:31 PM,118
1433,635,01-11-2023,12:18:31 PM,120
1434,635,01-11-2023,12:18:31 PM,131
1435,635,01-11-2023,12:18:31 PM,131
1436,636,01-11-2023,12:34:44 PM,108
1437,637,01-11-2023,12:44:10 PM,114
1438,637,01-11-2023,12:44:10 PM,132
1439,638,01-11-2023,12:49:26 PM,129
1440,639,01-11-2023,1:23:21 PM,112
1441,640,01-11-2023,1:28:08 PM,102
1442,640,01-11-2023,1:28:08 PM,104
1443,640,01-11-2023,1:28:08 PM,111
1444,641,01-11-2023,1:37:46 PM,113
1445,641,01-11-2023,1:37:46 PM,105
1446,641,01-11-2023,1:37:46 PM,130
1447,641,01-11-2023,1:37:46 PM,131
1448,642,01-11-2023,1:40:00 PM,116
1449,642,01-11-2023,1:40:00 PM,102
1450,642,01-11-2023,1:40:00 PM,117
1451,642,01-11-2023,1:40:00 PM,121
1452,643,01-11-2023,1:43:19 PM,131
1453,644,01-11-2023,1:52:52 PM,117
1454,644,01-11-2023,1:52:52 PM,118
1455,645,01-11-2023,2:03:45 PM,101
1456,645,01-11-2023,2:03:45 PM,107
1457,646,01-11-2023,2:07:26 PM,109
1458,646,01-11-2023,2:07:26 PM,106
1459,647,01-11-2023,2:07:35 PM,109
1460,648,01-11-2023,2:17:17 PM,125
1461,648,01-11-2023,2:17:17 PM,113
1462,649,01-11-2023,2:29:23 PM,102
1463,649,01-11-2023,2:29:23 PM,113
1464,649,01-11-2023,2:29:23 PM,118
1465,649,01-11-2023,2:29:23 PM,120
1466,650,01-11-2023,2:34:05 PM,113
1467,651,01-11-2023,2:49:35 PM,101
1468,651,01-11-2023,2:49:35 PM,116
1469,651,01-11-2023,2:49:35 PM,113
1470,652,01-11-2023,4:03:38 PM,107
1471,652,01-11-2023,4:03:38 PM,103
1472,652,01-11-2023,4:03:38 PM,104
1473,652,01-11-2023,4:03:38 PM,119
1474,653,01-11-2023,4:18:23 PM,106
1475,654,01-11-2023,4:34:07 PM,129
1476,654,01-11-2023,4:34:07 PM,120
1477,654,01-11-2023,4:34:07 PM,130
1478,655,01-11-2023,4:43:33 PM,117
1479,656,01-11-2023,4:44:49 PM,106
1480,656,01-11-2023,4:44:49 PM,132
1481,657,01-11-2023,4:45:47 PM,101
1482,657,01-11-2023,4:45:47 PM,108
1483,658,01-11-2023,4:55:24 PM,111
1484,658,01-11-2023,4:55:24 PM,118
1485,658,01-11-2023,4:55:24 PM,132
1486,659,01-11-2023,4:56:39 PM,117
1487,659,01-11-2023,4:56:39 PM,120
1488,660,01-11-2023,5:09:36 PM,101
1489,660,01-11-2023,5:09:36 PM,117
1490,661,01-11-2023,5:18:14 PM,111
1491,662,01-11-2023,5:21:49 PM,101
1492,662,01-11-2023,5:21:49 PM,119
1493,663,01-11-2023,5:29:14 PM,125
1494,664,01-11-2023,5:35:14 PM,116
1495,664,01-11-2023,5:35:14 PM,117
1496,664,01-11-2023,5:35:14 PM,113
1497,665,01-11-2023,5:42:23 PM,101
1498,665,01-11-2023,5:42:23 PM,128
1499,666,01-11-2023,5:42:25 PM,109
1500,667,01-11-2023,6:13:08 PM,107
1501,667,01-11-2023,6:13:08 PM,113
1502,668,01-11-2023,6:13:12 PM,117
1503,668,01-11-2023,6:13:12 PM,129
1504,668,01-11-2023,6:13:12 PM,118
1505,668,01-11-2023,6:13:12 PM,122
1506,669,01-11-2023,6:40:44 PM,110
1507,669,01-11-2023,6:40:44 PM,129
1508,670,01-11-2023,6:46:25 PM,110
1509,670,01-11-2023,6:46:25 PM,121
1510,671,01-11-2023,7:18:42 PM,104
1511,672,01-11-2023,7:18:46 PM,126
1512,672,01-11-2023,7:18:46 PM,122
1513,673,01-11-2023,7:28:13 PM,121
1514,673,01-11-2023,7:28:13 PM,106
1515,674,01-11-2023,7:33:05 PM,104
1516,674,01-11-2023,7:33:05 PM,129
1517,674,01-11-2023,7:33:05 PM,119
1518,674,01-11-2023,7:33:05 PM,131
1519,675,01-11-2023,7:33:19 PM,111
1520,676,01-11-2023,7:44:57 PM,129
1521,676,01-11-2023,7:44:57 PM,132
1522,677,01-11-2023,7:51:09 PM,118
1523,678,01-11-2023,7:52:49 PM,129
1524,678,01-11-2023,7:52:49 PM,111
1525,678,01-11-2023,7:52:49 PM,122
1526,679,01-11-2023,8:31:02 PM,115
1527,679,01-11-2023,8:31:02 PM,125
1528,679,01-11-2023,8:31:02 PM,117
1529,679,01-11-2023,8:31:02 PM,128
1530,680,01-11-2023,9:07:30 PM,104
1531,680,01-11-2023,9:07:30 PM,120
1532,681,01-11-2023,9:29:50 PM,118
1533,682,01-12-2023,11:38:15 AM,117
1534,683,01-12-2023,11:39:08 AM,104
1535,683,01-12-2023,11:39:08 AM,127
1536,683,01-12-2023,11:39:08 AM,118
1537,684,01-12-2023,12:01:23 PM,125
1538,685,01-12-2023,12:11:46 PM,121
1539,686,01-12-2023,12:13:07 PM,107
1540,687,01-12-2023,12:21:09 PM,127
1541,688,01-12-2023,12:26:41 PM,122
1542,688,01-12-2023,12:26:41 PM,123
1543,689,01-12-2023,12:33:22 PM,106
1544,689,01-12-2023,12:33:22 PM,106
1545,690,01-12-2023,12:42:10 PM,113
1546,691,01-12-2023,12:45:53 PM,101
1547,692,01-12-2023,12:53:37 PM,102
1548,692,01-12-2023,12:53:37 PM,127
1549,693,01-12-2023,1:04:24 PM,101
1550,693,01-12-2023,1:04:24 PM,107
1551,693,01-12-2023,1:04:24 PM,126
1552,693,01-12-2023,1:04:24 PM,110
1553,694,01-12-2023,1:30:47 PM,127
1554,694,01-12-2023,1:30:47 PM,112
1555,694,01-12-2023,1:30:47 PM,113
1556,695,01-12-2023,1:33:06 PM,105
1557,696,01-12-2023,1:49:40 PM,119
1558,696,01-12-2023,1:49:40 PM,122
1559,697,01-12-2023,1:58:56 PM,108
1560,697,01-12-2023,1:58:56 PM,130
1561,698,01-12-2023,2:08:16 PM,107
1562,698,01-12-2023,2:08:16 PM,112
1563,698,01-12-2023,2:08:16 PM,106
1564,699,01-12-2023,2:27:03 PM,113
1565,700,01-12-2023,2:31:13 PM,115
1566,700,01-12-2023,2:31:13 PM,104
1567,700,01-12-2023,2:31:13 PM,110
1568,700,01-12-2023,2:31:13 PM,118
1569,700,01-12-2023,2:31:13 PM,120
1570,701,01-12-2023,2:33:39 PM,109
1571,701,01-12-2023,2:33:39 PM,119
1572,702,01-12-2023,2:38:35 PM,101
1573,702,01-12-2023,2:38:35 PM,120
1574,703,01-12-2023,3:08:01 PM,118
1575,704,01-12-2023,3:28:25 PM,116
1576,704,01-12-2023,3:28:25 PM,128
1577,705,01-12-2023,3:31:00 PM,126
1578,705,01-12-2023,3:31:00 PM,117
1579,705,01-12-2023,3:31:00 PM,105
1580,706,01-12-2023,3:39:04 PM,102
1581,706,01-12-2023,3:39:04 PM,111
1582,707,01-12-2023,3:41:32 PM,101
1583,707,01-12-2023,3:41:32 PM,118
1584,707,01-12-2023,3:41:32 PM,105
1585,708,01-12-2023,3:52:44 PM,125
1586,709,01-12-2023,3:53:56 PM,101
1587,710,01-12-2023,3:59:52 PM,109
1588,710,01-12-2023,3:59:52 PM,105
1589,710,01-12-2023,3:59:52 PM,114
1590,710,01-12-2023,3:59:52 PM,NULL
1591,711,01-12-2023,4:21:10 PM,103
1592,711,01-12-2023,4:21:10 PM,129
1593,711,01-12-2023,4:21:10 PM,112
1594,711,01-12-2023,4:21:10 PM,120
1595,712,01-12-2023,4:22:18 PM,127
1596,713,01-12-2023,4:31:56 PM,124
1597,713,01-12-2023,4:31:56 PM,128
1598,714,01-12-2023,4:55:08 PM,108
1599,714,01-12-2023,4:55:08 PM,109
1600,714,01-12-2023,4:55:08 PM,109
1601,714,01-12-2023,4:55:08 PM,110
1602,715,01-12-2023,5:05:33 PM,113
1603,715,01-12-2023,5:05:33 PM,118
1604,715,01-12-2023,5:05:33 PM,131
1605,716,01-12-2023,5:06:05 PM,107
1606,717,01-12-2023,5:24:44 PM,101
1607,717,01-12-2023,5:24:44 PM,105
1608,718,01-12-2023,5:46:30 PM,102
1609,718,01-12-2023,5:46:30 PM,105
1610,719,01-12-2023,5:52:27 PM,101
1611,719,01-12-2023,5:52:27 PM,129
1612,720,01-12-2023,5:53:59 PM,126
1613,720,01-12-2023,5:53:59 PM,111
1614,720,01-12-2023,5:53:59 PM,112
1615,720,01-12-2023,5:53:59 PM,120
1616,721,01-12-2023,6:17:15 PM,108
1617,721,01-12-2023,6:17:15 PM,122
1618,722,01-12-2023,6:20:58 PM,111
1619,722,01-12-2023,6:20:58 PM,130
1620,723,01-12-2023,6:21:04 PM,101
1621,723,01-12-2023,6:21:04 PM,113
1622,724,01-12-2023,6:24:47 PM,107
1623,724,01-12-2023,6:24:47 PM,126
1624,724,01-12-2023,6:24:47 PM,105
1625,725,01-12-2023,6:33:14 PM,107
1626,725,01-12-2023,6:33:14 PM,129
1627,725,01-12-2023,6:33:14 PM,106
1628,725,01-12-2023,6:33:14 PM,NULL
1629,726,01-12-2023,6:34:25 PM,120
1630,727,01-12-2023,6:44:57 PM,120
1631,728,01-12-2023,6:53:17 PM,105
1632,728,01-12-2023,6:53:17 PM,106
1633,728,01-12-2023,6:53:17 PM,114
1634,729,01-12-2023,7:20:41 PM,108
1635,729,01-12-2023,7:20:41 PM,109
1636,729,01-12-2023,7:20:41 PM,120
1637,730,01-12-2023,7:22:00 PM,117
1638,731,01-12-2023,7:27:47 PM,120
1639,731,01-12-2023,7:27:47 PM,132
1640,732,01-12-2023,7:30:17 PM,131
1641,733,01-12-2023,7:57:36 PM,102
1642,733,01-12-2023,7:57:36 PM,110
1643,733,01-12-2023,7:57:36 PM,113
1644,733,01-12-2023,7:57:36 PM,106
1645,734,01-12-2023,8:00:30 PM,113
1646,735,01-12-2023,8:35:34 PM,104
1647,735,01-12-2023,8:35:34 PM,112
1648,735,01-12-2023,8:35:34 PM,112
1649,736,01-12-2023,9:35:14 PM,124
1650,736,01-12-2023,9:35:14 PM,132
1651,737,1/13/23,11:31:34 AM,101
1652,737,1/13/23,11:31:34 AM,106
1653,738,1/13/23,12:16:47 PM,105
1654,739,1/13/23,12:19:38 PM,107
1655,740,1/13/23,12:29:51 PM,102
1656,740,1/13/23,12:29:51 PM,104
1657,740,1/13/23,12:29:51 PM,124
1658,740,1/13/23,12:29:51 PM,125
1659,740,1/13/23,12:29:51 PM,110
1660,740,1/13/23,12:29:51 PM,117
1661,740,1/13/23,12:29:51 PM,111
1662,740,1/13/23,12:29:51 PM,119
1663,740,1/13/23,12:29:51 PM,120
1664,740,1/13/23,12:29:51 PM,131
1665,740,1/13/23,12:29:51 PM,131
1666,740,1/13/23,12:29:51 PM,131
1667,740,1/13/23,12:29:51 PM,NULL
1668,741,1/13/23,12:49:09 PM,111
1669,742,1/13/23,12:53:01 PM,101
1670,743,1/13/23,1:08:32 PM,111
1671,744,1/13/23,1:34:48 PM,118
1672,745,1/13/23,1:36:53 PM,101
1673,745,1/13/23,1:36:53 PM,102
1674,745,1/13/23,1:36:53 PM,108
1675,745,1/13/23,1:36:53 PM,125
1676,745,1/13/23,1:36:53 PM,128
1677,745,1/13/23,1:36:53 PM,111
1678,745,1/13/23,1:36:53 PM,114
1679,746,1/13/23,1:41:13 PM,122
1680,746,1/13/23,1:41:13 PM,132
1681,747,1/13/23,2:15:02 PM,129
1682,747,1/13/23,2:15:02 PM,120
1683,747,1/13/23,2:15:02 PM,122
1684,748,1/13/23,2:27:31 PM,124
1685,749,1/13/23,2:29:23 PM,113
1686,750,1/13/23,2:48:09 PM,112
1687,751,1/13/23,3:07:35 PM,116
1688,751,1/13/23,3:07:35 PM,109
1689,751,1/13/23,3:07:35 PM,111
1690,751,1/13/23,3:07:35 PM,132
1691,752,1/13/23,3:19:25 PM,109
1692,752,1/13/23,3:19:25 PM,121
1693,753,1/13/23,3:22:11 PM,126
1694,753,1/13/23,3:22:11 PM,109
1695,753,1/13/23,3:22:11 PM,117
1696,753,1/13/23,3:22:11 PM,119
1697,754,1/13/23,3:47:56 PM,112
1698,754,1/13/23,3:47:56 PM,105
1699,755,1/13/23,3:50:49 PM,101
1700,755,1/13/23,3:50:49 PM,125
1701,756,1/13/23,3:55:11 PM,104
1702,756,1/13/23,3:55:11 PM,130
1703,756,1/13/23,3:55:11 PM,132
1704,757,1/13/23,4:10:34 PM,111
1705,757,1/13/23,4:10:34 PM,113
1706,757,1/13/23,4:10:34 PM,122
1707,757,1/13/23,4:10:34 PM,132
1708,758,1/13/23,4:14:43 PM,125
1709,758,1/13/23,4:14:43 PM,119
1710,759,1/13/23,4:14:56 PM,116
1711,760,1/13/23,4:27:40 PM,102
1712,761,1/13/23,4:30:20 PM,120
1713,761,1/13/23,4:30:20 PM,121
1714,762,1/13/23,4:36:36 PM,110
1715,762,1/13/23,4:36:36 PM,121
1716,762,1/13/23,4:36:36 PM,106
1717,762,1/13/23,4:36:36 PM,NULL
1718,763,1/13/23,4:38:57 PM,108
1719,764,1/13/23,4:39:39 PM,117
1720,764,1/13/23,4:39:39 PM,NULL
1721,765,1/13/23,5:11:41 PM,102
1722,765,1/13/23,5:11:41 PM,110
1723,765,1/13/23,5:11:41 PM,118
1724,765,1/13/23,5:11:41 PM,120
1725,766,1/13/23,5:21:45 PM,127
1726,766,1/13/23,5:21:45 PM,129
1727,766,1/13/23,5:21:45 PM,105
1728,767,1/13/23,5:21:48 PM,108
1729,768,1/13/23,5:23:34 PM,115
1730,769,1/13/23,5:43:17 PM,125
1731,770,1/13/23,5:44:13 PM,118
1732,770,1/13/23,5:44:13 PM,120
1733,771,1/13/23,5:59:32 PM,102
1734,771,1/13/23,5:59:32 PM,120
1735,772,1/13/23,6:07:59 PM,127
1736,773,1/13/23,6:18:15 PM,108
1737,773,1/13/23,6:18:15 PM,112
1738,774,1/13/23,6:31:07 PM,104
1739,774,1/13/23,6:31:07 PM,131
1740,775,1/13/23,6:42:12 PM,101
1741,775,1/13/23,6:42:12 PM,124
1742,775,1/13/23,6:42:12 PM,112
1743,775,1/13/23,6:42:12 PM,119
1744,776,1/13/23,6:50:43 PM,131
1745,776,1/13/23,6:50:43 PM,106
1746,777,1/13/23,7:10:20 PM,101
1747,777,1/13/23,7:10:20 PM,114
1748,778,1/13/23,7:18:08 PM,125
1749,778,1/13/23,7:18:08 PM,117
1750,778,1/13/23,7:18:08 PM,119
1751,778,1/13/23,7:18:08 PM,105
1752,779,1/13/23,7:19:58 PM,108
1753,779,1/13/23,7:19:58 PM,110
1754,779,1/13/23,7:19:58 PM,117
1755,779,1/13/23,7:19:58 PM,117
1756,780,1/13/23,8:12:49 PM,107
1757,780,1/13/23,8:12:49 PM,110
1758,781,1/13/23,8:31:17 PM,110
1759,781,1/13/23,8:31:17 PM,105
1760,781,1/13/23,8:31:17 PM,105
1761,781,1/13/23,8:31:17 PM,132
1762,782,1/13/23,8:36:27 PM,116
1763,782,1/13/23,8:36:27 PM,106
1764,783,1/13/23,9:17:08 PM,131
1765,783,1/13/23,9:17:08 PM,106
1766,783,1/13/23,9:17:08 PM,132
1767,784,1/13/23,9:39:41 PM,111
1768,785,1/14/23,11:28:44 AM,109
1769,785,1/14/23,11:28:44 AM,105
1770,786,1/14/23,11:35:30 AM,124
1771,787,1/14/23,11:45:30 AM,102
1772,787,1/14/23,11:45:30 AM,122
1773,788,1/14/23,11:46:19 AM,120
1774,789,1/14/23,11:51:37 AM,131
1775,790,1/14/23,12:07:30 PM,124
1776,790,1/14/23,12:07:30 PM,123
1777,791,1/14/23,12:23:54 PM,113
1778,791,1/14/23,12:23:54 PM,106
1779,792,1/14/23,12:37:48 PM,103
1780,792,1/14/23,12:37:48 PM,125
1781,792,1/14/23,12:37:48 PM,127
1782,792,1/14/23,12:37:48 PM,129
1783,792,1/14/23,12:37:48 PM,119
1784,792,1/14/23,12:37:48 PM,130
1785,792,1/14/23,12:37:48 PM,132
1786,793,1/14/23,12:38:27 PM,119
1787,794,1/14/23,12:39:16 PM,111
1788,795,1/14/23,12:42:17 PM,124
1789,796,1/14/23,12:43:09 PM,129
1790,797,1/14/23,12:50:01 PM,118
1791,797,1/14/23,12:50:01 PM,119
1792,797,1/14/23,12:50:01 PM,132
1793,798,1/14/23,12:50:30 PM,124
1794,798,1/14/23,12:50:30 PM,126
1795,798,1/14/23,12:50:30 PM,121
1796,798,1/14/23,12:50:30 PM,131
1797,799,1/14/23,12:51:29 PM,117
1798,799,1/14/23,12:51:29 PM,112
1799,799,1/14/23,12:51:29 PM,106
1800,800,1/14/23,12:54:35 PM,116
1801,800,1/14/23,12:54:35 PM,109
1802,800,1/14/23,12:54:35 PM,127
1803,800,1/14/23,12:54:35 PM,111
1804,800,1/14/23,12:54:35 PM,105
1805,800,1/14/23,12:54:35 PM,122
1806,801,1/14/23,1:10:53 PM,101
1807,801,1/14/23,1:10:53 PM,108
1808,801,1/14/23,1:10:53 PM,108
1809,801,1/14/23,1:10:53 PM,117
1810,801,1/14/23,1:10:53 PM,111
1811,801,1/14/23,1:10:53 PM,120
1812,801,1/14/23,1:10:53 PM,120
1813,801,1/14/23,1:10:53 PM,105
1814,801,1/14/23,1:10:53 PM,105
1815,801,1/14/23,1:10:53 PM,130
1816,801,1/14/23,1:10:53 PM,123
1817,801,1/14/23,1:10:53 PM,106
1818,802,1/14/23,1:23:47 PM,103
1819,802,1/14/23,1:23:47 PM,109
1820,803,1/14/23,1:37:51 PM,117
1821,804,1/14/23,1:42:01 PM,119
1822,805,1/14/23,2:07:52 PM,107
1823,805,1/14/23,2:07:52 PM,125
1824,806,1/14/23,2:12:22 PM,101
1825,807,1/14/23,2:15:29 PM,107
1826,808,1/14/23,2:15:32 PM,118
1827,809,1/14/23,2:26:17 PM,109
1828,810,1/14/23,2:48:30 PM,127
1829,811,1/14/23,2:48:56 PM,132
1830,812,1/14/23,3:37:45 PM,116
1831,812,1/14/23,3:37:45 PM,112
1832,813,1/14/23,4:09:29 PM,102
1833,813,1/14/23,4:09:29 PM,105
1834,814,1/14/23,4:21:23 PM,108
1835,814,1/14/23,4:21:23 PM,132
1836,815,1/14/23,4:38:00 PM,111
1837,816,1/14/23,5:04:08 PM,105
1838,816,1/14/23,5:04:08 PM,132
1839,817,1/14/23,5:10:38 PM,108
1840,817,1/14/23,5:10:38 PM,113
1841,817,1/14/23,5:10:38 PM,105
1842,817,1/14/23,5:10:38 PM,106
1843,818,1/14/23,5:15:50 PM,112
1844,818,1/14/23,5:15:50 PM,120
1845,818,1/14/23,5:15:50 PM,120
1846,819,1/14/23,5:21:39 PM,101
1847,819,1/14/23,5:21:39 PM,120
1848,820,1/14/23,5:24:09 PM,105
1849,820,1/14/23,5:24:09 PM,123
1850,821,1/14/23,5:37:26 PM,124
1851,822,1/14/23,5:38:53 PM,NULL
1852,823,1/14/23,5:42:17 PM,101
1853,823,1/14/23,5:42:17 PM,102
1854,823,1/14/23,5:42:17 PM,114
1855,824,1/14/23,5:53:41 PM,102
1856,824,1/14/23,5:53:41 PM,108
1857,824,1/14/23,5:53:41 PM,117
1858,824,1/14/23,5:53:41 PM,120
1859,825,1/14/23,6:06:06 PM,124
1860,825,1/14/23,6:06:06 PM,120
1861,826,1/14/23,6:06:14 PM,104
1862,826,1/14/23,6:06:14 PM,117
1863,826,1/14/23,6:06:14 PM,113
1864,827,1/14/23,6:09:48 PM,103
1865,827,1/14/23,6:09:48 PM,111
1866,828,1/14/23,6:23:55 PM,104
1867,828,1/14/23,6:23:55 PM,118
1868,829,1/14/23,6:27:42 PM,111
1869,829,1/14/23,6:27:42 PM,118
1870,829,1/14/23,6:27:42 PM,122
1871,829,1/14/23,6:27:42 PM,123
1872,830,1/14/23,6:38:17 PM,109
1873,830,1/14/23,6:38:17 PM,117
1874,830,1/14/23,6:38:17 PM,113
1875,831,1/14/23,6:38:20 PM,116
1876,831,1/14/23,6:38:20 PM,104
1877,831,1/14/23,6:38:20 PM,104
1878,831,1/14/23,6:38:20 PM,108
1879,832,1/14/23,6:47:06 PM,109
1880,833,1/14/23,7:07:45 PM,107
1881,833,1/14/23,7:07:45 PM,111
1882,834,1/14/23,7:25:16 PM,104
1883,834,1/14/23,7:25:16 PM,113
1884,834,1/14/23,7:25:16 PM,119
1885,834,1/14/23,7:25:16 PM,131
1886,835,1/14/23,7:56:01 PM,101
1887,835,1/14/23,7:56:01 PM,101
1888,835,1/14/23,7:56:01 PM,113
1889,835,1/14/23,7:56:01 PM,105
1890,836,1/14/23,8:08:08 PM,124
1891,836,1/14/23,8:08:08 PM,125
1892,836,1/14/23,8:08:08 PM,109
1893,836,1/14/23,8:08:08 PM,NULL
1894,837,1/14/23,8:12:27 PM,117
1895,838,1/14/23,8:33:57 PM,103
1896,838,1/14/23,8:33:57 PM,117
1897,838,1/14/23,8:33:57 PM,132
1898,839,1/14/23,8:40:40 PM,129
1899,840,1/14/23,8:46:12 PM,117
1900,841,1/14/23,8:57:40 PM,118
1901,842,1/14/23,9:09:39 PM,130
1902,842,1/14/23,9:09:39 PM,131
1903,842,1/14/23,9:09:39 PM,123
1904,843,1/14/23,9:32:21 PM,123
1905,844,1/14/23,9:36:58 PM,132
1906,845,1/14/23,9:42:56 PM,108
1907,845,1/14/23,9:42:56 PM,124
1908,845,1/14/23,9:42:56 PM,117
1909,845,1/14/23,9:42:56 PM,105
1910,846,1/14/23,10:16:24 PM,102
1911,846,1/14/23,10:16:24 PM,124
1912,847,1/15/23,11:37:03 AM,113
1913,848,1/15/23,11:56:46 AM,107
1914,849,1/15/23,12:08:30 PM,108
1915,849,1/15/23,12:08:30 PM,120
1916,849,1/15/23,12:08:30 PM,122
1917,849,1/15/23,12:08:30 PM,122
1918,850,1/15/23,12:15:35 PM,125
1919,850,1/15/23,12:15:35 PM,105
1920,850,1/15/23,12:15:35 PM,106
1921,851,1/15/23,12:20:22 PM,101
1922,852,1/15/23,12:33:51 PM,106
1923,853,1/15/23,12:36:39 PM,113
1924,854,1/15/23,12:51:19 PM,113
1925,854,1/15/23,12:51:19 PM,121
1926,855,1/15/23,12:56:54 PM,124
1927,855,1/15/23,12:56:54 PM,120
1928,855,1/15/23,12:56:54 PM,105
1929,855,1/15/23,12:56:54 PM,130
1930,855,1/15/23,12:56:54 PM,132
1931,856,1/15/23,12:59:20 PM,122
1932,857,1/15/23,1:01:53 PM,111
1933,858,1/15/23,1:03:42 PM,118
1934,858,1/15/23,1:03:42 PM,106
1935,858,1/15/23,1:03:42 PM,132
1936,859,1/15/23,1:05:13 PM,107
1937,859,1/15/23,1:05:13 PM,116
1938,859,1/15/23,1:05:13 PM,103
1939,859,1/15/23,1:05:13 PM,114
1940,860,1/15/23,1:07:53 PM,120
1941,860,1/15/23,1:07:53 PM,122
1942,861,1/15/23,1:08:44 PM,119
1943,862,1/15/23,1:10:45 PM,105
1944,863,1/15/23,1:12:29 PM,106
1945,864,1/15/23,2:04:23 PM,107
1946,864,1/15/23,2:04:23 PM,109
1947,864,1/15/23,2:04:23 PM,117
1948,864,1/15/23,2:04:23 PM,128
1949,864,1/15/23,2:04:23 PM,120
1950,864,1/15/23,2:04:23 PM,131
1951,864,1/15/23,2:04:23 PM,123
1952,864,1/15/23,2:04:23 PM,114
1953,864,1/15/23,2:04:23 PM,132
1954,865,1/15/23,2:10:00 PM,108
1955,866,1/15/23,2:18:09 PM,118
1956,867,1/15/23,2:19:28 PM,109
1957,867,1/15/23,2:19:28 PM,109
1958,868,1/15/23,2:27:25 PM,121
1959,869,1/15/23,2:31:43 PM,123
1960,869,1/15/23,2:31:43 PM,106
1961,870,1/15/23,2:38:31 PM,124
1962,870,1/15/23,2:38:31 PM,125
1963,871,1/15/23,2:45:22 PM,103
1964,872,1/15/23,2:48:37 PM,119
1965,873,1/15/23,3:06:15 PM,113
1966,874,1/15/23,3:20:36 PM,112
1967,874,1/15/23,3:20:36 PM,105
1968,875,1/15/23,3:23:21 PM,102
1969,876,1/15/23,3:27:03 PM,109
1970,876,1/15/23,3:27:03 PM,105
1971,876,1/15/23,3:27:03 PM,122
1972,877,1/15/23,3:32:59 PM,125
1973,878,1/15/23,4:05:58 PM,102
1974,879,1/15/23,4:12:57 PM,105
1975,879,1/15/23,4:12:57 PM,123
1976,879,1/15/23,4:12:57 PM,132
1977,880,1/15/23,4:19:26 PM,113
1978,880,1/15/23,4:19:26 PM,113
1979,881,1/15/23,4:40:04 PM,102
1980,881,1/15/23,4:40:04 PM,117
1981,882,1/15/23,4:44:46 PM,119
1982,882,1/15/23,4:44:46 PM,131
1983,882,1/15/23,4:44:46 PM,106
1984,883,1/15/23,4:56:05 PM,102
1985,883,1/15/23,4:56:05 PM,108
1986,883,1/15/23,4:56:05 PM,109
1987,883,1/15/23,4:56:05 PM,119
1988,884,1/15/23,4:57:15 PM,109
1989,885,1/15/23,4:57:55 PM,129
1990,885,1/15/23,4:57:55 PM,120
1991,885,1/15/23,4:57:55 PM,122
1992,885,1/15/23,4:57:55 PM,NULL
1993,886,1/15/23,5:05:35 PM,128
1994,886,1/15/23,5:05:35 PM,120
1995,886,1/15/23,5:05:35 PM,122
1996,887,1/15/23,5:13:58 PM,113
1997,887,1/15/23,5:13:58 PM,122
1998,888,1/15/23,5:14:27 PM,120
1999,888,1/15/23,5:14:27 PM,121
2000,889,1/15/23,5:27:51 PM,101
2001,890,1/15/23,5:32:25 PM,125
2002,891,1/15/23,5:43:34 PM,130
2003,892,1/15/23,6:04:29 PM,125
2004,892,1/15/23,6:04:29 PM,128
2005,893,1/15/23,6:15:22 PM,125
2006,894,1/15/23,6:17:26 PM,111
2007,895,1/15/23,6:18:11 PM,101
2008,895,1/15/23,6:18:11 PM,109
2009,895,1/15/23,6:18:11 PM,113
2010,896,1/15/23,6:27:28 PM,102
2011,896,1/15/23,6:27:28 PM,124
2012,897,1/15/23,6:53:07 PM,110
2013,897,1/15/23,6:53:07 PM,129
2014,897,1/15/23,6:53:07 PM,131
2015,898,1/15/23,6:56:49 PM,108
2016,899,1/15/23,7:06:14 PM,122
2017,899,1/15/23,7:06:14 PM,NULL
2018,900,1/15/23,7:09:51 PM,113
2019,900,1/15/23,7:09:51 PM,113
2020,901,1/15/23,7:16:11 PM,107
2021,902,1/15/23,7:21:00 PM,118
2022,903,1/15/23,7:27:22 PM,108
2023,903,1/15/23,7:27:22 PM,118
2024,903,1/15/23,7:27:22 PM,121
2025,904,1/15/23,8:07:01 PM,101
2026,904,1/15/23,8:07:01 PM,112
2027,905,1/15/23,8:12:06 PM,101
2028,905,1/15/23,8:12:06 PM,127
2029,905,1/15/23,8:12:06 PM,132
2030,906,1/15/23,8:51:59 PM,121
2031,906,1/15/23,8:51:59 PM,105
2032,907,1/15/23,8:54:32 PM,120
2033,908,1/15/23,9:42:32 PM,113
2034,908,1/15/23,9:42:32 PM,106
2035,909,1/16/23,11:19:25 AM,101
2036,909,1/16/23,11:19:25 AM,127
2037,909,1/16/23,11:19:25 AM,122
2038,910,1/16/23,11:25:40 AM,110
2039,910,1/16/23,11:25:40 AM,119
2040,910,1/16/23,11:25:40 AM,132
2041,911,1/16/23,11:36:00 AM,101
2042,911,1/16/23,11:36:00 AM,131
2043,912,1/16/23,11:39:48 AM,112
2044,913,1/16/23,11:55:24 AM,123
2045,914,1/16/23,12:14:22 PM,132
2046,915,1/16/23,12:20:22 PM,101
2047,915,1/16/23,12:20:22 PM,124
2048,915,1/16/23,12:20:22 PM,126
2049,915,1/16/23,12:20:22 PM,111
2050,915,1/16/23,12:20:22 PM,113
2051,915,1/16/23,12:20:22 PM,113
2052,915,1/16/23,12:20:22 PM,119
2053,915,1/16/23,12:20:22 PM,122
2054,916,1/16/23,12:30:09 PM,117
2055,916,1/16/23,12:30:09 PM,129
2056,916,1/16/23,12:30:09 PM,113
2057,916,1/16/23,12:30:09 PM,NULL
2058,917,1/16/23,12:34:15 PM,105
2059,918,1/16/23,1:06:04 PM,131
2060,919,1/16/23,1:11:15 PM,111
2061,920,1/16/23,1:16:55 PM,101
2062,920,1/16/23,1:16:55 PM,108
2063,921,1/16/23,1:18:32 PM,105
2064,921,1/16/23,1:18:32 PM,130
2065,922,1/16/23,1:19:43 PM,116
2066,922,1/16/23,1:19:43 PM,113
2067,922,1/16/23,1:19:43 PM,105
2068,923,1/16/23,1:23:29 PM,129
2069,923,1/16/23,1:23:29 PM,131
2070,924,1/16/23,1:27:57 PM,113
2071,924,1/16/23,1:27:57 PM,105
2072,925,1/16/23,1:42:47 PM,132
2073,926,1/16/23,1:51:38 PM,108
2074,926,1/16/23,1:51:38 PM,113
2075,926,1/16/23,1:51:38 PM,120
2076,926,1/16/23,1:51:38 PM,132
2077,927,1/16/23,1:59:21 PM,102
2078,927,1/16/23,1:59:21 PM,103
2079,927,1/16/23,1:59:21 PM,108
2080,927,1/16/23,1:59:21 PM,125
2081,927,1/16/23,1:59:21 PM,109
2082,927,1/16/23,1:59:21 PM,110
2083,927,1/16/23,1:59:21 PM,129
2084,927,1/16/23,1:59:21 PM,111
2085,927,1/16/23,1:59:21 PM,131
2086,928,1/16/23,2:14:40 PM,102
2087,928,1/16/23,2:14:40 PM,106
2088,929,1/16/23,2:24:45 PM,124
2089,930,1/16/23,3:00:11 PM,110
2090,930,1/16/23,3:00:11 PM,111
2091,930,1/16/23,3:00:11 PM,112
2092,931,1/16/23,3:27:24 PM,101
2093,931,1/16/23,3:27:24 PM,124
2094,931,1/16/23,3:27:24 PM,118
2095,932,1/16/23,3:33:19 PM,116
2096,932,1/16/23,3:33:19 PM,106
2097,933,1/16/23,3:49:05 PM,124
2098,934,1/16/23,3:55:24 PM,106
2099,935,1/16/23,4:14:59 PM,107
2100,935,1/16/23,4:14:59 PM,122
2101,935,1/16/23,4:14:59 PM,131
2102,935,1/16/23,4:14:59 PM,114
2103,936,1/16/23,4:19:19 PM,120
2104,937,1/16/23,4:20:32 PM,122
2105,938,1/16/23,4:43:09 PM,117
2106,938,1/16/23,4:43:09 PM,118
2107,938,1/16/23,4:43:09 PM,131
2108,939,1/16/23,4:59:23 PM,118
2109,939,1/16/23,4:59:23 PM,130
2110,940,1/16/23,5:05:08 PM,111
2111,940,1/16/23,5:05:08 PM,112
2112,940,1/16/23,5:05:08 PM,118
2113,941,1/16/23,5:09:08 PM,126
2114,941,1/16/23,5:09:08 PM,110
2115,942,1/16/23,5:18:37 PM,101
2116,942,1/16/23,5:18:37 PM,105
2117,943,1/16/23,5:22:00 PM,120
2118,944,1/16/23,5:54:33 PM,108
2119,945,1/16/23,5:58:38 PM,101
2120,945,1/16/23,5:58:38 PM,124
2121,945,1/16/23,5:58:38 PM,125
2122,945,1/16/23,5:58:38 PM,109
2123,946,1/16/23,6:00:48 PM,102
2124,946,1/16/23,6:00:48 PM,113
2125,946,1/16/23,6:00:48 PM,130
2126,946,1/16/23,6:00:48 PM,123
2127,947,1/16/23,6:13:15 PM,102
2128,947,1/16/23,6:13:15 PM,113
2129,947,1/16/23,6:13:15 PM,NULL
2130,948,1/16/23,6:42:17 PM,112
2131,948,1/16/23,6:42:17 PM,113
2132,948,1/16/23,6:42:17 PM,122
2133,948,1/16/23,6:42:17 PM,132
2134,949,1/16/23,6:52:18 PM,129
2135,949,1/16/23,6:52:18 PM,132
2136,950,1/16/23,6:57:56 PM,102
2137,951,1/16/23,7:03:46 PM,127
2138,952,1/16/23,7:05:35 PM,107
2139,952,1/16/23,7:05:35 PM,116
2140,952,1/16/23,7:05:35 PM,118
2141,952,1/16/23,7:05:35 PM,131
2142,953,1/16/23,7:12:08 PM,101
2143,953,1/16/23,7:12:08 PM,103
2144,953,1/16/23,7:12:08 PM,131
2145,954,1/16/23,7:14:03 PM,106
2146,955,1/16/23,7:24:16 PM,102
2147,955,1/16/23,7:24:16 PM,124
2148,955,1/16/23,7:24:16 PM,111
2149,956,1/16/23,7:24:40 PM,119
2150,956,1/16/23,7:24:40 PM,106
2151,957,1/16/23,7:32:12 PM,125
2152,957,1/16/23,7:32:12 PM,126
2153,957,1/16/23,7:32:12 PM,127
2154,957,1/16/23,7:32:12 PM,130
2155,958,1/16/23,7:33:33 PM,113
2156,959,1/16/23,7:34:00 PM,102
2157,959,1/16/23,7:34:00 PM,130
2158,960,1/16/23,7:35:00 PM,122
2159,961,1/16/23,7:42:20 PM,101
2160,961,1/16/23,7:42:20 PM,110
2161,962,1/16/23,7:55:17 PM,107
2162,962,1/16/23,7:55:17 PM,112
2163,963,1/16/23,8:06:41 PM,102
2164,963,1/16/23,8:06:41 PM,104
2165,963,1/16/23,8:06:41 PM,120
2166,964,1/16/23,8:24:37 PM,107
2167,964,1/16/23,8:24:37 PM,125
2168,965,1/16/23,8:41:02 PM,126
2169,965,1/16/23,8:41:02 PM,122
2170,965,1/16/23,8:41:02 PM,131
2171,965,1/16/23,8:41:02 PM,106
2172,966,1/16/23,8:59:17 PM,120
2173,966,1/16/23,8:59:17 PM,131
2174,967,1/16/23,9:03:33 PM,128
2175,968,1/16/23,9:23:01 PM,109
2176,968,1/16/23,9:23:01 PM,110
2177,969,1/16/23,9:36:19 PM,129
2178,970,1/16/23,9:44:35 PM,108
2179,970,1/16/23,9:44:35 PM,122
2180,971,1/16/23,9:46:20 PM,103
2181,971,1/16/23,9:46:20 PM,108
2182,971,1/16/23,9:46:20 PM,117
2183,971,1/16/23,9:46:20 PM,120
2184,972,1/16/23,10:03:09 PM,113
2185,972,1/16/23,10:03:09 PM,113
2186,973,1/16/23,10:06:08 PM,129
2187,974,1/16/23,10:06:53 PM,108
2188,975,1/16/23,10:10:21 PM,126
2189,975,1/16/23,10:10:21 PM,128
2190,976,1/17/23,11:53:19 AM,113
2191,977,1/17/23,12:01:58 PM,112
2192,977,1/17/23,12:01:58 PM,106
2193,978,1/17/23,12:24:36 PM,101
2194,978,1/17/23,12:24:36 PM,107
2195,978,1/17/23,12:24:36 PM,115
2196,978,1/17/23,12:24:36 PM,109
2197,978,1/17/23,12:24:36 PM,109
2198,978,1/17/23,12:24:36 PM,117
2199,978,1/17/23,12:24:36 PM,117
2200,978,1/17/23,12:24:36 PM,128
2201,978,1/17/23,12:24:36 PM,118
2202,978,1/17/23,12:24:36 PM,122
2203,978,1/17/23,12:24:36 PM,106
2204,979,1/17/23,12:57:28 PM,130
2205,980,1/17/23,12:58:36 PM,102
2206,980,1/17/23,12:58:36 PM,111
2207,980,1/17/23,12:58:36 PM,120
2208,980,1/17/23,12:58:36 PM,123
2209,980,1/17/23,12:58:36 PM,106
2210,980,1/17/23,12:58:36 PM,106
2211,981,1/17/23,1:56:46 PM,101
2212,982,1/17/23,2:12:58 PM,125
2213,982,1/17/23,2:12:58 PM,109
2214,982,1/17/23,2:12:58 PM,113
2215,982,1/17/23,2:12:58 PM,105
2216,983,1/17/23,2:29:31 PM,107
2217,984,1/17/23,2:33:55 PM,110
2218,985,1/17/23,2:34:50 PM,109
2219,985,1/17/23,2:34:50 PM,127
2220,985,1/17/23,2:34:50 PM,121
2221,986,1/17/23,2:35:25 PM,132
2222,987,1/17/23,2:41:14 PM,101
2223,987,1/17/23,2:41:14 PM,116
2224,987,1/17/23,2:41:14 PM,119
2225,988,1/17/23,2:44:56 PM,127
2226,989,1/17/23,3:08:38 PM,109
2227,990,1/17/23,3:30:10 PM,113
2228,991,1/17/23,3:43:27 PM,107
2229,991,1/17/23,3:43:27 PM,121
2230,992,1/17/23,3:49:31 PM,117
2231,993,1/17/23,4:16:59 PM,101
2232,994,1/17/23,4:19:42 PM,102
2233,994,1/17/23,4:19:42 PM,109
2234,994,1/17/23,4:19:42 PM,106
2235,994,1/17/23,4:19:42 PM,106
2236,995,1/17/23,4:57:30 PM,102
2237,996,1/17/23,5:11:07 PM,110
2238,996,1/17/23,5:11:07 PM,110
2239,996,1/17/23,5:11:07 PM,111
2240,996,1/17/23,5:11:07 PM,130
2241,997,1/17/23,5:16:26 PM,129
2242,998,1/17/23,5:19:16 PM,110
2243,999,1/17/23,5:21:24 PM,105
2244,1000,1/17/23,5:24:24 PM,115
2245,1000,1/17/23,5:24:24 PM,128
2246,1001,1/17/23,5:28:05 PM,107
2247,1001,1/17/23,5:28:05 PM,113
2248,1001,1/17/23,5:28:05 PM,122
2249,1002,1/17/23,5:29:41 PM,101
2250,1002,1/17/23,5:29:41 PM,104
2251,1003,1/17/23,5:31:16 PM,102
2252,1003,1/17/23,5:31:16 PM,102
2253,1003,1/17/23,5:31:16 PM,113
2254,1004,1/17/23,5:44:05 PM,NULL
2255,1005,1/17/23,5:49:51 PM,101
2256,1005,1/17/23,5:49:51 PM,120
2257,1006,1/17/23,6:28:12 PM,106
2258,1006,1/17/23,6:28:12 PM,132
2259,1007,1/17/23,6:35:22 PM,132
2260,1008,1/17/23,6:49:59 PM,108
2261,1008,1/17/23,6:49:59 PM,114
2262,1009,1/17/23,6:58:24 PM,108
2263,1009,1/17/23,6:58:24 PM,126
2264,1010,1/17/23,7:15:11 PM,107
2265,1010,1/17/23,7:15:11 PM,103
2266,1010,1/17/23,7:15:11 PM,127
2267,1011,1/17/23,7:20:20 PM,112
2268,1012,1/17/23,7:25:32 PM,126
2269,1012,1/17/23,7:25:32 PM,119
2270,1013,1/17/23,7:26:40 PM,121
2271,1013,1/17/23,7:26:40 PM,123
2272,1014,1/17/23,7:38:17 PM,104
2273,1014,1/17/23,7:38:17 PM,113
2274,1014,1/17/23,7:38:17 PM,119
2275,1014,1/17/23,7:38:17 PM,105
2276,1015,1/17/23,7:42:51 PM,106
2277,1016,1/17/23,7:44:36 PM,102
2278,1016,1/17/23,7:44:36 PM,109
2279,1016,1/17/23,7:44:36 PM,120
2280,1017,1/17/23,8:13:32 PM,102
2281,1018,1/17/23,8:38:50 PM,101
2282,1018,1/17/23,8:38:50 PM,102
2283,1018,1/17/23,8:38:50 PM,112
2284,1019,1/17/23,8:50:54 PM,109
2285,1019,1/17/23,8:50:54 PM,121
2286,1019,1/17/23,8:50:54 PM,130
2287,1020,1/17/23,9:04:20 PM,101
2288,1020,1/17/23,9:04:20 PM,101
2289,1020,1/17/23,9:04:20 PM,113
2290,1020,1/17/23,9:04:20 PM,105
2291,1021,1/17/23,9:11:31 PM,101
2292,1021,1/17/23,9:11:31 PM,102
2293,1021,1/17/23,9:11:31 PM,128
2294,1021,1/17/23,9:11:31 PM,113
2295,1022,1/17/23,9:16:01 PM,106
2296,1023,1/17/23,9:20:18 PM,110
2297,1024,1/17/23,9:21:23 PM,101
2298,1025,1/17/23,9:49:00 PM,112
2299,1025,1/17/23,9:49:00 PM,113
2300,1025,1/17/23,9:49:00 PM,132
2301,1026,1/17/23,9:55:05 PM,102
2302,1026,1/17/23,9:55:05 PM,108
2303,1027,1/17/23,9:57:02 PM,125
2304,1028,1/17/23,10:02:45 PM,111
2305,1028,1/17/23,10:02:45 PM,120
2306,1029,1/17/23,10:06:27 PM,120
2307,1029,1/17/23,10:06:27 PM,114
2308,1030,1/17/23,10:13:59 PM,113
2309,1030,1/17/23,10:13:59 PM,118
2310,1030,1/17/23,10:13:59 PM,120
2311,1030,1/17/23,10:13:59 PM,122
2312,1031,1/18/23,11:39:03 AM,108
2313,1031,1/18/23,11:39:03 AM,109
2314,1032,1/18/23,11:45:13 AM,101
2315,1033,1/18/23,11:54:13 AM,102
2316,1034,1/18/23,12:07:59 PM,101
2317,1034,1/18/23,12:07:59 PM,129
2318,1034,1/18/23,12:07:59 PM,111
2319,1034,1/18/23,12:07:59 PM,111
2320,1034,1/18/23,12:07:59 PM,113
2321,1034,1/18/23,12:07:59 PM,120
2322,1034,1/18/23,12:07:59 PM,121
2323,1034,1/18/23,12:07:59 PM,131
2324,1035,1/18/23,12:13:15 PM,102
2325,1035,1/18/23,12:13:15 PM,126
2326,1035,1/18/23,12:13:15 PM,117
2327,1035,1/18/23,12:13:15 PM,128
2328,1036,1/18/23,12:49:29 PM,108
2329,1036,1/18/23,12:49:29 PM,117
2330,1036,1/18/23,12:49:29 PM,129
2331,1036,1/18/23,12:49:29 PM,106
2332,1037,1/18/23,1:04:54 PM,107
2333,1037,1/18/23,1:04:54 PM,104
2334,1037,1/18/23,1:04:54 PM,108
2335,1037,1/18/23,1:04:54 PM,117
2336,1038,1/18/23,1:14:59 PM,109
2337,1038,1/18/23,1:14:59 PM,113
2338,1039,1/18/23,1:33:31 PM,108
2339,1040,1/18/23,1:56:05 PM,118
2340,1040,1/18/23,1:56:05 PM,106
2341,1041,1/18/23,1:59:47 PM,120
2342,1042,1/18/23,2:06:19 PM,112
2343,1043,1/18/23,2:07:36 PM,125
2344,1043,1/18/23,2:07:36 PM,113
2345,1043,1/18/23,2:07:36 PM,118
2346,1043,1/18/23,2:07:36 PM,119
2347,1043,1/18/23,2:07:36 PM,120
2348,1043,1/18/23,2:07:36 PM,105
2349,1043,1/18/23,2:07:36 PM,122
2350,1043,1/18/23,2:07:36 PM,131
2351,1044,1/18/23,2:20:16 PM,NULL
2352,1045,1/18/23,2:22:14 PM,102
2353,1046,1/18/23,2:39:33 PM,108
2354,1047,1/18/23,2:50:37 PM,101
2355,1047,1/18/23,2:50:37 PM,125
2356,1047,1/18/23,2:50:37 PM,113
2357,1048,1/18/23,2:53:25 PM,132
2358,1049,1/18/23,2:57:48 PM,101
2359,1050,1/18/23,3:05:54 PM,131
2360,1051,1/18/23,3:08:45 PM,102
2361,1052,1/18/23,3:28:12 PM,118
2362,1052,1/18/23,3:28:12 PM,121
2363,1053,1/18/23,3:43:17 PM,102
2364,1053,1/18/23,3:43:17 PM,113
2365,1053,1/18/23,3:43:17 PM,123
2366,1054,1/18/23,3:56:04 PM,101
2367,1054,1/18/23,3:56:04 PM,113
2368,1055,1/18/23,4:07:14 PM,107
2369,1056,1/18/23,4:12:18 PM,101
2370,1056,1/18/23,4:12:18 PM,119
2371,1056,1/18/23,4:12:18 PM,106
2372,1057,1/18/23,4:18:37 PM,109
2373,1057,1/18/23,4:18:37 PM,113
2374,1058,1/18/23,4:30:09 PM,102
2375,1059,1/18/23,4:30:14 PM,101
2376,1059,1/18/23,4:30:14 PM,129
2377,1059,1/18/23,4:30:14 PM,113
2378,1059,1/18/23,4:30:14 PM,123
2379,1060,1/18/23,4:39:46 PM,129
2380,1060,1/18/23,4:39:46 PM,130
2381,1061,1/18/23,5:17:02 PM,119
2382,1061,1/18/23,5:17:02 PM,123
2383,1062,1/18/23,5:21:38 PM,117
2384,1062,1/18/23,5:21:38 PM,111
2385,1063,1/18/23,5:28:29 PM,107
2386,1063,1/18/23,5:28:29 PM,116
2387,1063,1/18/23,5:28:29 PM,129
2388,1064,1/18/23,5:30:00 PM,119
2389,1065,1/18/23,5:48:16 PM,101
2390,1065,1/18/23,5:48:16 PM,102
2391,1065,1/18/23,5:48:16 PM,104
2392,1065,1/18/23,5:48:16 PM,132
2393,1066,1/18/23,6:10:50 PM,102
2394,1066,1/18/23,6:10:50 PM,108
2395,1066,1/18/23,6:10:50 PM,127
2396,1066,1/18/23,6:10:50 PM,112
2397,1067,1/18/23,6:13:43 PM,102
2398,1067,1/18/23,6:13:43 PM,109
2399,1067,1/18/23,6:13:43 PM,118
2400,1068,1/18/23,6:16:32 PM,120
2401,1068,1/18/23,6:16:32 PM,105
2402,1069,1/18/23,6:19:47 PM,107
2403,1069,1/18/23,6:19:47 PM,120
2404,1069,1/18/23,6:19:47 PM,106
2405,1070,1/18/23,6:21:27 PM,101
2406,1070,1/18/23,6:21:27 PM,113
2407,1071,1/18/23,6:27:40 PM,112
2408,1071,1/18/23,6:27:40 PM,118
2409,1071,1/18/23,6:27:40 PM,130
2410,1072,1/18/23,6:32:32 PM,108
2411,1072,1/18/23,6:32:32 PM,124
2412,1072,1/18/23,6:32:32 PM,125
2413,1073,1/18/23,6:42:02 PM,124
2414,1073,1/18/23,6:42:02 PM,122
2415,1073,1/18/23,6:42:02 PM,130
2416,1074,1/18/23,7:01:54 PM,127
2417,1075,1/18/23,7:15:17 PM,129
2418,1076,1/18/23,7:36:15 PM,117
2419,1076,1/18/23,7:36:15 PM,113
2420,1077,1/18/23,8:13:25 PM,103
2421,1078,1/18/23,8:20:42 PM,125
2422,1078,1/18/23,8:20:42 PM,110
2423,1079,1/18/23,8:45:11 PM,126
2424,1079,1/18/23,8:45:11 PM,113
2425,1079,1/18/23,8:45:11 PM,106
2426,1080,1/18/23,9:22:58 PM,127
2427,1080,1/18/23,9:22:58 PM,120
2428,1080,1/18/23,9:22:58 PM,121
2429,1080,1/18/23,9:22:58 PM,122
2430,1081,1/18/23,9:27:05 PM,124
2431,1082,1/19/23,11:16:43 AM,118
2432,1082,1/19/23,11:16:43 AM,106
2433,1083,1/19/23,11:19:51 AM,105
2434,1084,1/19/23,11:27:33 AM,107
2435,1085,1/19/23,11:37:05 AM,109
2436,1085,1/19/23,11:37:05 AM,105
2437,1085,1/19/23,11:37:05 AM,131
2438,1086,1/19/23,11:57:17 AM,101
2439,1086,1/19/23,11:57:17 AM,128
2440,1087,1/19/23,11:57:38 AM,125
2441,1087,1/19/23,11:57:38 AM,131
2442,1088,1/19/23,12:00:52 PM,107
2443,1088,1/19/23,12:00:52 PM,128
2444,1088,1/19/23,12:00:52 PM,113
2445,1088,1/19/23,12:00:52 PM,106
2446,1088,1/19/23,12:00:52 PM,NULL
2447,1089,1/19/23,12:03:57 PM,107
2448,1089,1/19/23,12:03:57 PM,104
2449,1089,1/19/23,12:03:57 PM,130
2450,1090,1/19/23,12:14:24 PM,101
2451,1090,1/19/23,12:14:24 PM,102
2452,1090,1/19/23,12:14:24 PM,109
2453,1090,1/19/23,12:14:24 PM,117
2454,1090,1/19/23,12:14:24 PM,127
2455,1090,1/19/23,12:14:24 PM,127
2456,1090,1/19/23,12:14:24 PM,111
2457,1091,1/19/23,12:20:28 PM,113
2458,1092,1/19/23,12:23:38 PM,101
2459,1092,1/19/23,12:23:38 PM,102
2460,1092,1/19/23,12:23:38 PM,109
2461,1093,1/19/23,12:33:24 PM,108
2462,1093,1/19/23,12:33:24 PM,117
2463,1093,1/19/23,12:33:24 PM,111
2464,1093,1/19/23,12:33:24 PM,113
2465,1093,1/19/23,12:33:24 PM,119
2466,1094,1/19/23,12:33:50 PM,115
2467,1094,1/19/23,12:33:50 PM,104
2468,1095,1/19/23,12:47:24 PM,102
2469,1095,1/19/23,12:47:24 PM,125
2470,1096,1/19/23,12:56:45 PM,104
2471,1096,1/19/23,12:56:45 PM,124
2472,1096,1/19/23,12:56:45 PM,125
2473,1096,1/19/23,12:56:45 PM,128
2474,1096,1/19/23,12:56:45 PM,128
2475,1096,1/19/23,12:56:45 PM,111
2476,1096,1/19/23,12:56:45 PM,111
2477,1096,1/19/23,12:56:45 PM,112
2478,1096,1/19/23,12:56:45 PM,119
2479,1096,1/19/23,12:56:45 PM,121
2480,1096,1/19/23,12:56:45 PM,122
2481,1096,1/19/23,12:56:45 PM,132
2482,1097,1/19/23,1:02:07 PM,101
2483,1098,1/19/23,1:25:39 PM,111
2484,1098,1/19/23,1:25:39 PM,114
2485,1099,1/19/23,1:33:24 PM,117
2486,1099,1/19/23,1:33:24 PM,128
2487,1100,1/19/23,1:34:27 PM,103
2488,1100,1/19/23,1:34:27 PM,126
2489,1100,1/19/23,1:34:27 PM,129
2490,1100,1/19/23,1:34:27 PM,111
2491,1100,1/19/23,1:34:27 PM,106
2492,1101,1/19/23,1:36:26 PM,102
2493,1102,1/19/23,2:03:20 PM,110
2494,1103,1/19/23,2:08:12 PM,114
2495,1104,1/19/23,2:39:45 PM,102
2496,1104,1/19/23,2:39:45 PM,104
2497,1104,1/19/23,2:39:45 PM,126
2498,1104,1/19/23,2:39:45 PM,127
2499,1105,1/19/23,3:13:54 PM,116
2500,1105,1/19/23,3:13:54 PM,103
2501,1105,1/19/23,3:13:54 PM,106
2502,1106,1/19/23,3:17:39 PM,120
2503,1107,1/19/23,3:45:44 PM,121
2504,1108,1/19/23,4:18:49 PM,120
2505,1109,1/19/23,4:20:22 PM,112
2506,1109,1/19/23,4:20:22 PM,113
2507,1110,1/19/23,4:33:35 PM,109
2508,1110,1/19/23,4:33:35 PM,131
2509,1111,1/19/23,4:35:46 PM,117
2510,1112,1/19/23,4:46:00 PM,103
2511,1112,1/19/23,4:46:00 PM,109
2512,1112,1/19/23,4:46:00 PM,131
2513,1112,1/19/23,4:46:00 PM,NULL
2514,1113,1/19/23,5:00:44 PM,107
2515,1113,1/19/23,5:00:44 PM,109
2516,1114,1/19/23,5:00:53 PM,107
2517,1114,1/19/23,5:00:53 PM,124
2518,1115,1/19/23,5:08:55 PM,120
2519,1115,1/19/23,5:08:55 PM,106
2520,1116,1/19/23,5:09:15 PM,108
2521,1116,1/19/23,5:09:15 PM,119
2522,1116,1/19/23,5:09:15 PM,122
2523,1116,1/19/23,5:09:15 PM,130
2524,1117,1/19/23,5:13:25 PM,102
2525,1118,1/19/23,5:19:49 PM,131
2526,1119,1/19/23,5:42:23 PM,107
2527,1119,1/19/23,5:42:23 PM,110
2528,1120,1/19/23,5:46:46 PM,125
2529,1120,1/19/23,5:46:46 PM,112
2530,1121,1/19/23,6:15:08 PM,107
2531,1121,1/19/23,6:15:08 PM,NULL
2532,1122,1/19/23,6:16:44 PM,108
2533,1122,1/19/23,6:16:44 PM,105
2534,1122,1/19/23,6:16:44 PM,131
2535,1122,1/19/23,6:16:44 PM,106
2536,1123,1/19/23,6:21:36 PM,101
2537,1123,1/19/23,6:21:36 PM,109
2538,1124,1/19/23,6:29:26 PM,116
2539,1124,1/19/23,6:29:26 PM,110
2540,1125,1/19/23,6:45:40 PM,109
2541,1125,1/19/23,6:45:40 PM,129
2542,1126,1/19/23,6:48:46 PM,105
2543,1127,1/19/23,6:53:52 PM,108
2544,1127,1/19/23,6:53:52 PM,112
2545,1127,1/19/23,6:53:52 PM,132
2546,1128,1/19/23,6:59:54 PM,102
2547,1128,1/19/23,6:59:54 PM,106
2548,1129,1/19/23,7:00:20 PM,102
2549,1129,1/19/23,7:00:20 PM,109
2550,1129,1/19/23,7:00:20 PM,112
2551,1130,1/19/23,7:03:05 PM,124
2552,1130,1/19/23,7:03:05 PM,117
2553,1131,1/19/23,7:06:42 PM,126
2554,1131,1/19/23,7:06:42 PM,113
2555,1132,1/19/23,7:51:37 PM,102
2556,1132,1/19/23,7:51:37 PM,124
2557,1132,1/19/23,7:51:37 PM,125
2558,1132,1/19/23,7:51:37 PM,113
2559,1133,1/19/23,7:59:17 PM,110
2560,1133,1/19/23,7:59:17 PM,111
2561,1133,1/19/23,7:59:17 PM,112
2562,1133,1/19/23,7:59:17 PM,114
2563,1134,1/19/23,8:05:41 PM,112
2564,1135,1/19/23,9:15:41 PM,113
2565,1136,1/19/23,9:59:06 PM,117
2566,1136,1/19/23,9:59:06 PM,106
2567,1136,1/19/23,9:59:06 PM,132
2568,1137,1/19/23,10:13:28 PM,121
2569,1137,1/19/23,10:13:28 PM,132
2570,1138,1/20/23,11:21:49 AM,129
2571,1139,1/20/23,11:25:59 AM,117
2572,1139,1/20/23,11:25:59 AM,120
2573,1139,1/20/23,11:25:59 AM,122
2574,1139,1/20/23,11:25:59 AM,114
2575,1140,1/20/23,11:31:16 AM,110
2576,1140,1/20/23,11:31:16 AM,127
2577,1140,1/20/23,11:31:16 AM,129
2578,1140,1/20/23,11:31:16 AM,113
2579,1140,1/20/23,11:31:16 AM,NULL
2580,1141,1/20/23,11:35:08 AM,131
2581,1142,1/20/23,11:36:48 AM,120
2582,1143,1/20/23,11:37:33 AM,107
2583,1143,1/20/23,11:37:33 AM,124
2584,1143,1/20/23,11:37:33 AM,117
2585,1144,1/20/23,12:02:21 PM,129
2586,1144,1/20/23,12:02:21 PM,119
2587,1145,1/20/23,12:04:15 PM,104
2588,1145,1/20/23,12:04:15 PM,128
2589,1145,1/20/23,12:04:15 PM,122
2590,1145,1/20/23,12:04:15 PM,123
2591,1146,1/20/23,12:12:00 PM,123
2592,1147,1/20/23,12:12:25 PM,121
2593,1148,1/20/23,12:17:42 PM,107
2594,1148,1/20/23,12:17:42 PM,117
2595,1149,1/20/23,12:22:41 PM,126
2596,1149,1/20/23,12:22:41 PM,119
2597,1150,1/20/23,12:39:05 PM,102
2598,1150,1/20/23,12:39:05 PM,104
2599,1150,1/20/23,12:39:05 PM,108
2600,1150,1/20/23,12:39:05 PM,108
2601,1150,1/20/23,12:39:05 PM,124
2602,1150,1/20/23,12:39:05 PM,126
2603,1150,1/20/23,12:39:05 PM,117
2604,1150,1/20/23,12:39:05 PM,111
2605,1150,1/20/23,12:39:05 PM,111
2606,1150,1/20/23,12:39:05 PM,121
2607,1150,1/20/23,12:39:05 PM,105
2608,1150,1/20/23,12:39:05 PM,106
2609,1151,1/20/23,12:43:36 PM,125
2610,1152,1/20/23,12:44:23 PM,103
2611,1153,1/20/23,12:56:30 PM,107
2612,1153,1/20/23,12:56:30 PM,108
2613,1153,1/20/23,12:56:30 PM,124
2614,1153,1/20/23,12:56:30 PM,110
2615,1153,1/20/23,12:56:30 PM,117
2616,1153,1/20/23,12:56:30 PM,111
2617,1153,1/20/23,12:56:30 PM,118
2618,1153,1/20/23,12:56:30 PM,120
2619,1153,1/20/23,12:56:30 PM,121
2620,1153,1/20/23,12:56:30 PM,105
2621,1153,1/20/23,12:56:30 PM,122
2622,1154,1/20/23,12:59:38 PM,124
2623,1154,1/20/23,12:59:38 PM,113
2624,1154,1/20/23,12:59:38 PM,119
2625,1155,1/20/23,1:05:11 PM,109
2626,1156,1/20/23,1:14:15 PM,110
2627,1157,1/20/23,1:16:58 PM,107
2628,1157,1/20/23,1:16:58 PM,111
2629,1158,1/20/23,1:17:45 PM,102
2630,1158,1/20/23,1:17:45 PM,102
2631,1158,1/20/23,1:17:45 PM,106
2632,1159,1/20/23,2:06:41 PM,102
2633,1160,1/20/23,2:14:54 PM,102
2634,1160,1/20/23,2:14:54 PM,117
2635,1160,1/20/23,2:14:54 PM,112
2636,1161,1/20/23,2:21:41 PM,106
2637,1162,1/20/23,2:40:02 PM,116
2638,1162,1/20/23,2:40:02 PM,123
2639,1163,1/20/23,2:47:28 PM,102
2640,1164,1/20/23,3:13:31 PM,112
2641,1164,1/20/23,3:13:31 PM,132
2642,1165,1/20/23,3:15:26 PM,124
2643,1165,1/20/23,3:15:26 PM,117
2644,1166,1/20/23,3:25:08 PM,132
2645,1167,1/20/23,3:28:09 PM,119
2646,1168,1/20/23,3:58:05 PM,132
2647,1169,1/20/23,4:08:25 PM,110
2648,1169,1/20/23,4:08:25 PM,127
2649,1169,1/20/23,4:08:25 PM,113
2650,1170,1/20/23,4:37:24 PM,101
2651,1171,1/20/23,4:41:58 PM,108
2652,1172,1/20/23,4:53:23 PM,108
2653,1172,1/20/23,4:53:23 PM,114
2654,1173,1/20/23,4:57:05 PM,125
2655,1173,1/20/23,4:57:05 PM,132
2656,1174,1/20/23,5:02:58 PM,121
2657,1174,1/20/23,5:02:58 PM,123
2658,1175,1/20/23,5:05:14 PM,110
2659,1175,1/20/23,5:05:14 PM,118
2660,1175,1/20/23,5:05:14 PM,120
2661,1175,1/20/23,5:05:14 PM,121
2662,1176,1/20/23,5:05:19 PM,108
2663,1176,1/20/23,5:05:19 PM,118
2664,1176,1/20/23,5:05:19 PM,120
2665,1176,1/20/23,5:05:19 PM,122
2666,1177,1/20/23,5:27:29 PM,108
2667,1177,1/20/23,5:27:29 PM,113
2668,1178,1/20/23,6:01:13 PM,122
2669,1179,1/20/23,6:02:28 PM,121
2670,1180,1/20/23,6:12:31 PM,115
2671,1180,1/20/23,6:12:31 PM,124
2672,1181,1/20/23,6:17:53 PM,102
2673,1182,1/20/23,6:33:48 PM,101
2674,1182,1/20/23,6:33:48 PM,115
2675,1182,1/20/23,6:33:48 PM,124
2676,1182,1/20/23,6:33:48 PM,130
2677,1183,1/20/23,6:51:30 PM,102
2678,1183,1/20/23,6:51:30 PM,113
2679,1184,1/20/23,7:04:35 PM,123
2680,1185,1/20/23,7:10:26 PM,109
2681,1186,1/20/23,7:19:55 PM,125
2682,1186,1/20/23,7:19:55 PM,106
2683,1187,1/20/23,7:21:40 PM,105
2684,1188,1/20/23,7:25:25 PM,123
2685,1189,1/20/23,7:40:47 PM,101
2686,1190,1/20/23,7:43:15 PM,108
2687,1190,1/20/23,7:43:15 PM,118
2688,1191,1/20/23,7:56:41 PM,117
2689,1191,1/20/23,7:56:41 PM,111
2690,1192,1/20/23,8:15:27 PM,106
2691,1193,1/20/23,8:26:22 PM,102
2692,1193,1/20/23,8:26:22 PM,118
2693,1193,1/20/23,8:26:22 PM,120
2694,1193,1/20/23,8:26:22 PM,132
2695,1194,1/20/23,8:27:18 PM,118
2696,1194,1/20/23,8:27:18 PM,122
2697,1195,1/20/23,8:39:52 PM,102
2698,1195,1/20/23,8:39:52 PM,124
2699,1195,1/20/23,8:39:52 PM,105
2700,1196,1/20/23,8:44:41 PM,124
2701,1196,1/20/23,8:44:41 PM,131
2702,1197,1/20/23,8:53:41 PM,126
2703,1198,1/20/23,10:02:08 PM,128
2704,1199,1/20/23,10:10:20 PM,103
2705,1200,1/20/23,10:14:41 PM,103
2706,1200,1/20/23,10:14:41 PM,119
2707,1201,1/20/23,10:40:10 PM,124
2708,1201,1/20/23,10:40:10 PM,122
2709,1202,1/21/23,11:50:26 AM,107
2710,1203,1/21/23,11:54:22 AM,117
2711,1204,1/21/23,12:23:38 PM,107
2712,1204,1/21/23,12:23:38 PM,109
2713,1204,1/21/23,12:23:38 PM,120
2714,1204,1/21/23,12:23:38 PM,132
2715,1205,1/21/23,12:29:13 PM,132
2716,1206,1/21/23,12:38:38 PM,102
2717,1206,1/21/23,12:38:38 PM,108
2718,1206,1/21/23,12:38:38 PM,124
2719,1206,1/21/23,12:38:38 PM,109
2720,1206,1/21/23,12:38:38 PM,110
2721,1206,1/21/23,12:38:38 PM,117
2722,1206,1/21/23,12:38:38 PM,119
2723,1206,1/21/23,12:38:38 PM,120
2724,1206,1/21/23,12:38:38 PM,120
2725,1206,1/21/23,12:38:38 PM,106
2726,1207,1/21/23,12:52:42 PM,116
2727,1207,1/21/23,12:52:42 PM,123
2728,1208,1/21/23,1:03:21 PM,110
2729,1209,1/21/23,1:13:52 PM,125
2730,1209,1/21/23,1:13:52 PM,132
2731,1210,1/21/23,1:20:41 PM,102
2732,1211,1/21/23,1:37:51 PM,130
2733,1212,1/21/23,1:42:25 PM,128
2734,1212,1/21/23,1:42:25 PM,113
2735,1213,1/21/23,1:58:53 PM,113
2736,1213,1/21/23,1:58:53 PM,105
2737,1214,1/21/23,2:00:05 PM,101
2738,1214,1/21/23,2:00:05 PM,102
2739,1214,1/21/23,2:00:05 PM,125
2740,1214,1/21/23,2:00:05 PM,110
2741,1214,1/21/23,2:00:05 PM,117
2742,1214,1/21/23,2:00:05 PM,117
2743,1214,1/21/23,2:00:05 PM,127
2744,1214,1/21/23,2:00:05 PM,129
2745,1214,1/21/23,2:00:05 PM,105
2746,1214,1/21/23,2:00:05 PM,132
2747,1214,1/21/23,2:00:05 PM,132
2748,1215,1/21/23,2:02:04 PM,131
2749,1216,1/21/23,2:08:29 PM,101
2750,1217,1/21/23,2:26:35 PM,102
2751,1218,1/21/23,2:27:30 PM,113
2752,1218,1/21/23,2:27:30 PM,118
2753,1218,1/21/23,2:27:30 PM,122
2754,1218,1/21/23,2:27:30 PM,131
2755,1219,1/21/23,3:13:10 PM,112
2756,1219,1/21/23,3:13:10 PM,120
2757,1219,1/21/23,3:13:10 PM,114
2758,1219,1/21/23,3:13:10 PM,132
2759,1220,1/21/23,3:20:03 PM,116
2760,1221,1/21/23,3:23:36 PM,104
2761,1221,1/21/23,3:23:36 PM,113
2762,1222,1/21/23,3:32:23 PM,108
2763,1222,1/21/23,3:32:23 PM,106
2764,1223,1/21/23,3:36:37 PM,119
2765,1224,1/21/23,3:45:47 PM,111
2766,1224,1/21/23,3:45:47 PM,106
2767,1225,1/21/23,3:59:07 PM,113
2768,1225,1/21/23,3:59:07 PM,120
2769,1226,1/21/23,4:10:57 PM,107
2770,1226,1/21/23,4:10:57 PM,125
2771,1226,1/21/23,4:10:57 PM,110
2772,1226,1/21/23,4:10:57 PM,111
2773,1227,1/21/23,4:20:21 PM,109
2774,1228,1/21/23,4:26:36 PM,127
2775,1228,1/21/23,4:26:36 PM,111
2776,1229,1/21/23,4:28:19 PM,109
2777,1230,1/21/23,4:38:28 PM,127
2778,1230,1/21/23,4:38:28 PM,112
2779,1230,1/21/23,4:38:28 PM,123
2780,1230,1/21/23,4:38:28 PM,106
2781,1231,1/21/23,4:45:04 PM,102
2782,1231,1/21/23,4:45:04 PM,122
2783,1232,1/21/23,4:50:36 PM,113
2784,1232,1/21/23,4:50:36 PM,119
2785,1232,1/21/23,4:50:36 PM,121
2786,1232,1/21/23,4:50:36 PM,132
2787,1233,1/21/23,5:11:27 PM,102
2788,1233,1/21/23,5:11:27 PM,125
2789,1233,1/21/23,5:11:27 PM,126
2790,1233,1/21/23,5:11:27 PM,110
2791,1234,1/21/23,5:36:59 PM,109
2792,1234,1/21/23,5:36:59 PM,131
2793,1235,1/21/23,5:55:58 PM,126
2794,1235,1/21/23,5:55:58 PM,112
2795,1235,1/21/23,5:55:58 PM,106
2796,1236,1/21/23,5:56:32 PM,128
2797,1237,1/21/23,6:10:40 PM,116
2798,1237,1/21/23,6:10:40 PM,120
2799,1238,1/21/23,6:18:51 PM,104
2800,1238,1/21/23,6:18:51 PM,124
2801,1238,1/21/23,6:18:51 PM,128
2802,1238,1/21/23,6:18:51 PM,106
2803,1239,1/21/23,6:22:29 PM,102
2804,1240,1/21/23,6:40:50 PM,103
2805,1240,1/21/23,6:40:50 PM,121
2806,1240,1/21/23,6:40:50 PM,132
2807,1241,1/21/23,6:43:02 PM,101
2808,1241,1/21/23,6:43:02 PM,104
2809,1241,1/21/23,6:43:02 PM,131
2810,1242,1/21/23,6:50:51 PM,120
2811,1242,1/21/23,6:50:51 PM,120
2812,1242,1/21/23,6:50:51 PM,106
2813,1242,1/21/23,6:50:51 PM,NULL
2814,1243,1/21/23,7:02:27 PM,118
2815,1243,1/21/23,7:02:27 PM,122
2816,1244,1/21/23,7:24:32 PM,101
2817,1244,1/21/23,7:24:32 PM,115
2818,1244,1/21/23,7:24:32 PM,111
2819,1244,1/21/23,7:24:32 PM,113
2820,1245,1/21/23,7:26:35 PM,103
2821,1246,1/21/23,7:36:04 PM,107
2822,1246,1/21/23,7:36:04 PM,124
2823,1246,1/21/23,7:36:04 PM,123
2824,1247,1/21/23,7:54:37 PM,108
2825,1247,1/21/23,7:54:37 PM,125
2826,1247,1/21/23,7:54:37 PM,109
2827,1248,1/21/23,8:13:51 PM,123
2828,1249,1/21/23,8:40:44 PM,125
2829,1249,1/21/23,8:40:44 PM,123
2830,1250,1/21/23,9:09:08 PM,107
2831,1250,1/21/23,9:09:08 PM,127
2832,1250,1/21/23,9:09:08 PM,113
2833,1250,1/21/23,9:09:08 PM,118
2834,1251,1/21/23,9:12:37 PM,118
2835,1252,1/21/23,9:32:07 PM,102
2836,1253,1/22/23,11:34:52 AM,128
2837,1253,1/22/23,11:34:52 AM,105
2838,1254,1/22/23,11:56:03 AM,115
2839,1254,1/22/23,11:56:03 AM,120
2840,1255,1/22/23,12:05:34 PM,127
2841,1255,1/22/23,12:05:34 PM,131
2842,1255,1/22/23,12:05:34 PM,132
2843,1256,1/22/23,12:06:15 PM,117
2844,1257,1/22/23,12:07:53 PM,125
2845,1257,1/22/23,12:07:53 PM,120
2846,1257,1/22/23,12:07:53 PM,132
2847,1258,1/22/23,12:18:53 PM,102
2848,1259,1/22/23,12:22:47 PM,101
2849,1260,1/22/23,12:31:07 PM,132
2850,1261,1/22/23,12:32:00 PM,107
2851,1261,1/22/23,12:32:00 PM,104
2852,1261,1/22/23,12:32:00 PM,113
2853,1261,1/22/23,12:32:00 PM,NULL
2854,1262,1/22/23,12:32:33 PM,129
2855,1263,1/22/23,12:39:12 PM,124
2856,1264,1/22/23,12:58:30 PM,122
2857,1264,1/22/23,12:58:30 PM,131
2858,1265,1/22/23,12:59:26 PM,101
2859,1265,1/22/23,12:59:26 PM,124
2860,1265,1/22/23,12:59:26 PM,109
2861,1265,1/22/23,12:59:26 PM,127
2862,1265,1/22/23,12:59:26 PM,128
2863,1265,1/22/23,12:59:26 PM,111
2864,1265,1/22/23,12:59:26 PM,112
2865,1265,1/22/23,12:59:26 PM,105
2866,1265,1/22/23,12:59:26 PM,130
2867,1265,1/22/23,12:59:26 PM,106
2868,1265,1/22/23,12:59:26 PM,132
2869,1266,1/22/23,12:59:51 PM,101
2870,1266,1/22/23,12:59:51 PM,104
2871,1267,1/22/23,1:01:27 PM,112
2872,1268,1/22/23,1:01:39 PM,109
2873,1268,1/22/23,1:01:39 PM,117
2874,1268,1/22/23,1:01:39 PM,106
2875,1269,1/22/23,1:04:41 PM,116
2876,1270,1/22/23,1:12:15 PM,132
2877,1271,1/22/23,1:14:17 PM,108
2878,1271,1/22/23,1:14:17 PM,111
2879,1271,1/22/23,1:14:17 PM,105
2880,1272,1/22/23,1:14:37 PM,104
2881,1272,1/22/23,1:14:37 PM,129
2882,1273,1/22/23,1:21:57 PM,107
2883,1274,1/22/23,1:24:14 PM,101
2884,1274,1/22/23,1:24:14 PM,101
2885,1274,1/22/23,1:24:14 PM,102
2886,1274,1/22/23,1:24:14 PM,103
2887,1274,1/22/23,1:24:14 PM,104
2888,1274,1/22/23,1:24:14 PM,108
2889,1274,1/22/23,1:24:14 PM,125
2890,1274,1/22/23,1:24:14 PM,109
2891,1274,1/22/23,1:24:14 PM,127
2892,1274,1/22/23,1:24:14 PM,120
2893,1274,1/22/23,1:24:14 PM,131
2894,1274,1/22/23,1:24:14 PM,106
2895,1274,1/22/23,1:24:14 PM,132
2896,1275,1/22/23,1:26:25 PM,127
2897,1276,1/22/23,1:46:36 PM,127
2898,1277,1/22/23,1:46:44 PM,108
2899,1277,1/22/23,1:46:44 PM,123
2900,1278,1/22/23,2:07:34 PM,101
2901,1278,1/22/23,2:07:34 PM,131
2902,1278,1/22/23,2:07:34 PM,106
2903,1278,1/22/23,2:07:34 PM,114
2904,1279,1/22/23,2:16:38 PM,122
2905,1279,1/22/23,2:16:38 PM,122
2906,1280,1/22/23,2:44:54 PM,125
2907,1281,1/22/23,3:13:10 PM,120
2908,1282,1/22/23,3:16:54 PM,107
2909,1282,1/22/23,3:16:54 PM,113
2910,1283,1/22/23,3:47:42 PM,104
2911,1283,1/22/23,3:47:42 PM,108
2912,1283,1/22/23,3:47:42 PM,117
2913,1283,1/22/23,3:47:42 PM,122
2914,1284,1/22/23,3:53:38 PM,102
2915,1284,1/22/23,3:53:38 PM,109
2916,1285,1/22/23,4:18:42 PM,113
2917,1285,1/22/23,4:18:42 PM,130
2918,1286,1/22/23,4:29:13 PM,109
2919,1286,1/22/23,4:29:13 PM,113
2920,1287,1/22/23,4:38:25 PM,108
2921,1288,1/22/23,5:10:07 PM,103
2922,1289,1/22/23,5:11:54 PM,101
2923,1289,1/22/23,5:11:54 PM,108
2924,1290,1/22/23,5:17:19 PM,101
2925,1290,1/22/23,5:17:19 PM,112
2926,1290,1/22/23,5:17:19 PM,122
2927,1290,1/22/23,5:17:19 PM,114
2928,1291,1/22/23,5:20:13 PM,111
2929,1291,1/22/23,5:20:13 PM,113
2930,1291,1/22/23,5:20:13 PM,122
2931,1291,1/22/23,5:20:13 PM,114
2932,1292,1/22/23,5:35:48 PM,124
2933,1292,1/22/23,5:35:48 PM,109
2934,1293,1/22/23,5:37:59 PM,112
2935,1294,1/22/23,5:43:01 PM,109
2936,1294,1/22/23,5:43:01 PM,127
2937,1295,1/22/23,5:44:59 PM,102
2938,1295,1/22/23,5:44:59 PM,102
2939,1295,1/22/23,5:44:59 PM,117
2940,1296,1/22/23,5:46:53 PM,103
2941,1296,1/22/23,5:46:53 PM,125
2942,1297,1/22/23,5:51:53 PM,108
2943,1297,1/22/23,5:51:53 PM,128
2944,1297,1/22/23,5:51:53 PM,120
2945,1297,1/22/23,5:51:53 PM,122
2946,1298,1/22/23,5:54:25 PM,124
2947,1298,1/22/23,5:54:25 PM,111
2948,1298,1/22/23,5:54:25 PM,NULL
2949,1299,1/22/23,5:56:07 PM,117
2950,1299,1/22/23,5:56:07 PM,113
2951,1299,1/22/23,5:56:07 PM,120
2952,1300,1/22/23,6:28:51 PM,113
2953,1300,1/22/23,6:28:51 PM,105
2954,1301,1/22/23,6:42:08 PM,101
2955,1301,1/22/23,6:42:08 PM,108
2956,1301,1/22/23,6:42:08 PM,106
2957,1301,1/22/23,6:42:08 PM,NULL
2958,1302,1/22/23,6:44:04 PM,109
2959,1302,1/22/23,6:44:04 PM,109
2960,1303,1/22/23,6:53:13 PM,107
2961,1303,1/22/23,6:53:13 PM,129
2962,1303,1/22/23,6:53:13 PM,129
2963,1303,1/22/23,6:53:13 PM,118
2964,1304,1/22/23,7:02:50 PM,113
2965,1305,1/22/23,7:24:01 PM,120
2966,1306,1/22/23,7:35:25 PM,124
2967,1306,1/22/23,7:35:25 PM,105
2968,1307,1/22/23,7:39:20 PM,115
2969,1308,1/22/23,7:43:14 PM,116
2970,1309,1/22/23,8:04:42 PM,108
2971,1310,1/22/23,8:19:33 PM,102
2972,1310,1/22/23,8:19:33 PM,131
2973,1311,1/22/23,8:21:28 PM,124
2974,1311,1/22/23,8:21:28 PM,106
2975,1312,1/22/23,8:23:41 PM,131
2976,1313,1/22/23,8:24:29 PM,113
2977,1314,1/22/23,8:40:55 PM,108
2978,1314,1/22/23,8:40:55 PM,111
2979,1314,1/22/23,8:40:55 PM,132
2980,1315,1/22/23,8:46:44 PM,119
2981,1315,1/22/23,8:46:44 PM,130
2982,1316,1/22/23,8:48:12 PM,111
2983,1317,1/22/23,9:00:41 PM,106
2984,1318,1/22/23,9:36:48 PM,117
2985,1318,1/22/23,9:36:48 PM,106
2986,1319,1/22/23,10:24:05 PM,113
2987,1319,1/22/23,10:24:05 PM,118
2988,1319,1/22/23,10:24:05 PM,130
2989,1320,1/22/23,11:02:31 PM,124
2990,1320,1/22/23,11:02:31 PM,105
2991,1321,1/23/23,11:17:12 AM,124
2992,1321,1/23/23,11:17:12 AM,111
2993,1321,1/23/23,11:17:12 AM,118
2994,1322,1/23/23,11:28:28 AM,102
2995,1322,1/23/23,11:28:28 AM,118
2996,1323,1/23/23,11:45:37 AM,124
2997,1323,1/23/23,11:45:37 AM,109
2998,1323,1/23/23,11:45:37 AM,109
2999,1323,1/23/23,11:45:37 AM,110
3000,1323,1/23/23,11:45:37 AM,129
3001,1323,1/23/23,11:45:37 AM,112
3002,1323,1/23/23,11:45:37 AM,120
3003,1323,1/23/23,11:45:37 AM,105
3004,1323,1/23/23,11:45:37 AM,114
3005,1324,1/23/23,11:46:56 AM,116
3006,1324,1/23/23,11:46:56 AM,111
3007,1324,1/23/23,11:46:56 AM,119
3008,1325,1/23/23,11:50:45 AM,108
3009,1325,1/23/23,11:50:45 AM,129
3010,1325,1/23/23,11:50:45 AM,112
3011,1326,1/23/23,12:00:54 PM,103
3012,1326,1/23/23,12:00:54 PM,125
3013,1327,1/23/23,12:01:01 PM,127
3014,1328,1/23/23,12:29:42 PM,101
3015,1329,1/23/23,12:49:11 PM,118
3016,1330,1/23/23,12:54:53 PM,107
3017,1330,1/23/23,12:54:53 PM,126
3018,1331,1/23/23,12:54:56 PM,112
3019,1331,1/23/23,12:54:56 PM,119
3020,1331,1/23/23,12:54:56 PM,106
3021,1332,1/23/23,12:55:29 PM,112
3022,1333,1/23/23,12:57:07 PM,125
3023,1333,1/23/23,12:57:07 PM,112
3024,1334,1/23/23,1:00:58 PM,125
3025,1335,1/23/23,1:10:36 PM,121
3026,1336,1/23/23,1:14:10 PM,113
3027,1337,1/23/23,1:44:49 PM,107
3028,1338,1/23/23,1:47:01 PM,117
3029,1338,1/23/23,1:47:01 PM,119
3030,1338,1/23/23,1:47:01 PM,NULL
3031,1339,1/23/23,2:10:45 PM,107
3032,1339,1/23/23,2:10:45 PM,127
3033,1340,1/23/23,2:12:26 PM,124
3034,1340,1/23/23,2:12:26 PM,125
3035,1340,1/23/23,2:12:26 PM,126
3036,1340,1/23/23,2:12:26 PM,110
3037,1340,1/23/23,2:12:26 PM,122
3038,1340,1/23/23,2:12:26 PM,130
3039,1341,1/23/23,2:15:37 PM,103
3040,1341,1/23/23,2:15:37 PM,108
3041,1341,1/23/23,2:15:37 PM,125
3042,1341,1/23/23,2:15:37 PM,110
3043,1342,1/23/23,2:17:05 PM,102
3044,1343,1/23/23,2:29:11 PM,106
3045,1344,1/23/23,2:58:58 PM,124
3046,1345,1/23/23,3:01:02 PM,129
3047,1345,1/23/23,3:01:02 PM,130
3048,1346,1/23/23,3:25:17 PM,125
3049,1346,1/23/23,3:25:17 PM,106
3050,1347,1/23/23,3:32:59 PM,101
3051,1347,1/23/23,3:32:59 PM,125
3052,1347,1/23/23,3:32:59 PM,109
3053,1348,1/23/23,3:50:01 PM,106
3054,1349,1/23/23,4:03:08 PM,122
3055,1349,1/23/23,4:03:08 PM,132
3056,1350,1/23/23,4:05:24 PM,102
3057,1350,1/23/23,4:05:24 PM,113
3058,1351,1/23/23,4:06:00 PM,117
3059,1351,1/23/23,4:06:00 PM,111
3060,1352,1/23/23,4:12:21 PM,129
3061,1352,1/23/23,4:12:21 PM,113
3062,1352,1/23/23,4:12:21 PM,131
3063,1353,1/23/23,4:21:26 PM,101
3064,1353,1/23/23,4:21:26 PM,108
3065,1354,1/23/23,4:22:21 PM,129
3066,1355,1/23/23,4:30:25 PM,109
3067,1355,1/23/23,4:30:25 PM,113
3068,1356,1/23/23,5:11:00 PM,120
3069,1356,1/23/23,5:11:00 PM,122
3070,1357,1/23/23,5:17:58 PM,107
3071,1357,1/23/23,5:17:58 PM,122
3072,1358,1/23/23,5:24:07 PM,102
3073,1359,1/23/23,5:31:29 PM,118
3074,1360,1/23/23,5:33:33 PM,105
3075,1361,1/23/23,5:46:31 PM,113
3076,1361,1/23/23,5:46:31 PM,131
3077,1362,1/23/23,5:46:43 PM,101
3078,1362,1/23/23,5:46:43 PM,117
3079,1363,1/23/23,5:46:45 PM,127
3080,1363,1/23/23,5:46:45 PM,112
3081,1363,1/23/23,5:46:45 PM,105
3082,1363,1/23/23,5:46:45 PM,132
3083,1364,1/23/23,5:50:42 PM,101
3084,1364,1/23/23,5:50:42 PM,107
3085,1364,1/23/23,5:50:42 PM,110
3086,1365,1/23/23,5:54:47 PM,105
3087,1366,1/23/23,6:07:49 PM,113
3088,1366,1/23/23,6:07:49 PM,119
3089,1367,1/23/23,6:09:22 PM,111
3090,1367,1/23/23,6:09:22 PM,118
3091,1367,1/23/23,6:09:22 PM,118
3092,1367,1/23/23,6:09:22 PM,120
3093,1368,1/23/23,6:22:01 PM,101
3094,1368,1/23/23,6:22:01 PM,106
3095,1369,1/23/23,6:31:59 PM,124
3096,1369,1/23/23,6:31:59 PM,125
3097,1370,1/23/23,6:45:57 PM,111
3098,1370,1/23/23,6:45:57 PM,111
3099,1371,1/23/23,6:54:00 PM,101
3100,1372,1/23/23,6:57:10 PM,107
3101,1372,1/23/23,6:57:10 PM,110
3102,1373,1/23/23,7:00:30 PM,113
3103,1373,1/23/23,7:00:30 PM,122
3104,1374,1/23/23,7:06:56 PM,109
3105,1374,1/23/23,7:06:56 PM,114
3106,1375,1/23/23,7:12:48 PM,101
3107,1375,1/23/23,7:12:48 PM,101
3108,1375,1/23/23,7:12:48 PM,107
3109,1376,1/23/23,7:13:06 PM,119
3110,1377,1/23/23,7:19:20 PM,107
3111,1377,1/23/23,7:19:20 PM,125
3112,1377,1/23/23,7:19:20 PM,127
3113,1377,1/23/23,7:19:20 PM,128
3114,1378,1/23/23,7:23:24 PM,101
3115,1378,1/23/23,7:23:24 PM,125
3116,1379,1/23/23,7:33:07 PM,125
3117,1379,1/23/23,7:33:07 PM,119
3118,1379,1/23/23,7:33:07 PM,121
3119,1380,1/23/23,7:51:21 PM,117
3120,1380,1/23/23,7:51:21 PM,113
3121,1380,1/23/23,7:51:21 PM,105
3122,1381,1/23/23,8:08:54 PM,102
3123,1381,1/23/23,8:08:54 PM,131
3124,1381,1/23/23,8:08:54 PM,106
3125,1382,1/23/23,8:11:35 PM,109
3126,1382,1/23/23,8:11:35 PM,129
3127,1382,1/23/23,8:11:35 PM,113
3128,1383,1/23/23,8:24:59 PM,124
3129,1384,1/23/23,8:31:01 PM,108
3130,1384,1/23/23,8:31:01 PM,132
3131,1385,1/23/23,8:57:30 PM,104
3132,1385,1/23/23,8:57:30 PM,112
3133,1386,1/23/23,9:01:24 PM,101
3134,1386,1/23/23,9:01:24 PM,110
3135,1387,1/23/23,9:11:38 PM,111
3136,1387,1/23/23,9:11:38 PM,120
3137,1387,1/23/23,9:11:38 PM,106
3138,1388,1/23/23,10:04:12 PM,102
3139,1389,1/23/23,10:05:37 PM,108
3140,1390,1/24/23,11:38:40 AM,106
3141,1391,1/24/23,12:26:08 PM,117
3142,1391,1/24/23,12:26:08 PM,121
3143,1391,1/24/23,12:26:08 PM,123
3144,1391,1/24/23,12:26:08 PM,123
3145,1392,1/24/23,12:37:39 PM,126
3146,1392,1/24/23,12:37:39 PM,111
3147,1393,1/24/23,12:43:03 PM,101
3148,1393,1/24/23,12:43:03 PM,106
3149,1394,1/24/23,1:25:55 PM,109
3150,1395,1/24/23,1:32:52 PM,106
3151,1396,1/24/23,1:34:33 PM,104
3152,1397,1/24/23,1:56:25 PM,124
3153,1398,1/24/23,2:04:36 PM,108
3154,1398,1/24/23,2:04:36 PM,109
3155,1398,1/24/23,2:04:36 PM,130
3156,1398,1/24/23,2:04:36 PM,130
3157,1398,1/24/23,2:04:36 PM,106
3158,1398,1/24/23,2:04:36 PM,106
3159,1399,1/24/23,2:07:38 PM,107
3160,1399,1/24/23,2:07:38 PM,111
3161,1399,1/24/23,2:07:38 PM,119
3162,1399,1/24/23,2:07:38 PM,106
3163,1400,1/24/23,2:08:26 PM,108
3164,1401,1/24/23,2:20:17 PM,106
3165,1402,1/24/23,2:23:57 PM,108
3166,1402,1/24/23,2:23:57 PM,109
3167,1402,1/24/23,2:23:57 PM,121
3168,1403,1/24/23,2:44:46 PM,129
3169,1404,1/24/23,2:59:38 PM,126
3170,1404,1/24/23,2:59:38 PM,118
3171,1405,1/24/23,3:00:13 PM,101
3172,1405,1/24/23,3:00:13 PM,102
3173,1405,1/24/23,3:00:13 PM,120
3174,1406,1/24/23,3:08:57 PM,108
3175,1407,1/24/23,3:17:06 PM,129
3176,1408,1/24/23,4:05:14 PM,112
3177,1408,1/24/23,4:05:14 PM,123
3178,1409,1/24/23,4:06:10 PM,119
3179,1410,1/24/23,4:17:38 PM,107
3180,1410,1/24/23,4:17:38 PM,127
3181,1410,1/24/23,4:17:38 PM,120
3182,1411,1/24/23,4:36:53 PM,113
3183,1411,1/24/23,4:36:53 PM,130
3184,1411,1/24/23,4:36:53 PM,123
3185,1412,1/24/23,4:39:31 PM,124
3186,1412,1/24/23,4:39:31 PM,131
3187,1413,1/24/23,4:48:03 PM,109
3188,1413,1/24/23,4:48:03 PM,117
3189,1413,1/24/23,4:48:03 PM,119
3190,1413,1/24/23,4:48:03 PM,120
3191,1414,1/24/23,4:49:15 PM,120
3192,1415,1/24/23,5:04:22 PM,129
3193,1416,1/24/23,5:18:39 PM,102
3194,1416,1/24/23,5:18:39 PM,118
3195,1416,1/24/23,5:18:39 PM,119
3196,1416,1/24/23,5:18:39 PM,121
3197,1417,1/24/23,5:31:05 PM,110
3198,1417,1/24/23,5:31:05 PM,117
3199,1417,1/24/23,5:31:05 PM,129
3200,1417,1/24/23,5:31:05 PM,111
3201,1418,1/24/23,5:50:34 PM,120
3202,1419,1/24/23,6:07:48 PM,111
3203,1419,1/24/23,6:07:48 PM,132
3204,1420,1/24/23,6:10:44 PM,115
3205,1420,1/24/23,6:10:44 PM,116
3206,1420,1/24/23,6:10:44 PM,130
3207,1421,1/24/23,6:17:01 PM,122
3208,1422,1/24/23,6:26:42 PM,129
3209,1422,1/24/23,6:26:42 PM,106
3210,1423,1/24/23,6:32:23 PM,107
3211,1423,1/24/23,6:32:23 PM,108
3212,1423,1/24/23,6:32:23 PM,119
3213,1424,1/24/23,6:43:24 PM,118
3214,1424,1/24/23,6:43:24 PM,132
3215,1425,1/24/23,6:50:51 PM,102
3216,1425,1/24/23,6:50:51 PM,128
3217,1425,1/24/23,6:50:51 PM,106
3218,1426,1/24/23,7:06:06 PM,118
3219,1427,1/24/23,7:26:06 PM,124
3220,1427,1/24/23,7:26:06 PM,117
3221,1427,1/24/23,7:26:06 PM,119
3222,1428,1/24/23,7:33:57 PM,104
3223,1428,1/24/23,7:33:57 PM,132
3224,1429,1/24/23,7:36:22 PM,108
3225,1429,1/24/23,7:36:22 PM,124
3226,1429,1/24/23,7:36:22 PM,112
3227,1429,1/24/23,7:36:22 PM,118
3228,1430,1/24/23,7:39:56 PM,102
3229,1430,1/24/23,7:39:56 PM,127
3230,1430,1/24/23,7:39:56 PM,NULL
3231,1431,1/24/23,7:40:03 PM,129
3232,1432,1/24/23,7:41:52 PM,102
3233,1432,1/24/23,7:41:52 PM,117
3234,1432,1/24/23,7:41:52 PM,127
3235,1433,1/24/23,7:43:23 PM,110
3236,1433,1/24/23,7:43:23 PM,119
3237,1434,1/24/23,7:43:40 PM,115
3238,1434,1/24/23,7:43:40 PM,129
3239,1435,1/24/23,7:44:56 PM,117
3240,1435,1/24/23,7:44:56 PM,119
3241,1435,1/24/23,7:44:56 PM,120
3242,1435,1/24/23,7:44:56 PM,114
3243,1436,1/24/23,7:46:06 PM,126
3244,1436,1/24/23,7:46:06 PM,130
3245,1436,1/24/23,7:46:06 PM,114
3246,1437,1/24/23,7:47:50 PM,101
3247,1438,1/24/23,7:54:07 PM,126
3248,1438,1/24/23,7:54:07 PM,117
3249,1439,1/24/23,7:56:32 PM,118
3250,1439,1/24/23,7:56:32 PM,132
3251,1440,1/24/23,7:56:33 PM,108
3252,1441,1/24/23,8:13:00 PM,117
3253,1441,1/24/23,8:13:00 PM,105
3254,1442,1/24/23,8:21:20 PM,103
3255,1442,1/24/23,8:21:20 PM,131
3256,1442,1/24/23,8:21:20 PM,131
3257,1442,1/24/23,8:21:20 PM,132
3258,1443,1/24/23,8:23:34 PM,108
3259,1443,1/24/23,8:23:34 PM,113
3260,1444,1/24/23,8:29:10 PM,110
3261,1445,1/24/23,8:29:40 PM,107
3262,1445,1/24/23,8:29:40 PM,116
3263,1445,1/24/23,8:29:40 PM,102
3264,1445,1/24/23,8:29:40 PM,106
3265,1446,1/24/23,8:40:47 PM,103
3266,1446,1/24/23,8:40:47 PM,111
3267,1447,1/24/23,8:41:28 PM,125
3268,1447,1/24/23,8:41:28 PM,119
3269,1448,1/24/23,8:59:29 PM,117
3270,1449,1/24/23,9:12:27 PM,105
3271,1449,1/24/23,9:12:27 PM,122
3272,1450,1/24/23,9:23:08 PM,101
3273,1450,1/24/23,9:23:08 PM,101
3274,1450,1/24/23,9:23:08 PM,124
3275,1450,1/24/23,9:23:08 PM,113
3276,1451,1/24/23,9:23:59 PM,124
3277,1451,1/24/23,9:23:59 PM,125
3278,1451,1/24/23,9:23:59 PM,109
3279,1451,1/24/23,9:23:59 PM,112
3280,1452,1/24/23,10:32:11 PM,128
3281,1452,1/24/23,10:32:11 PM,119
3282,1453,1/25/23,12:24:36 PM,116
3283,1453,1/25/23,12:24:36 PM,121
3284,1453,1/25/23,12:24:36 PM,105
3285,1453,1/25/23,12:24:36 PM,106
3286,1454,1/25/23,12:27:51 PM,109
3287,1454,1/25/23,12:27:51 PM,114
3288,1455,1/25/23,1:30:03 PM,109
3289,1456,1/25/23,1:35:14 PM,101
3290,1457,1/25/23,1:35:53 PM,101
3291,1457,1/25/23,1:35:53 PM,107
3292,1457,1/25/23,1:35:53 PM,115
3293,1457,1/25/23,1:35:53 PM,108
3294,1457,1/25/23,1:35:53 PM,124
3295,1457,1/25/23,1:35:53 PM,112
3296,1457,1/25/23,1:35:53 PM,105
3297,1457,1/25/23,1:35:53 PM,122
3298,1457,1/25/23,1:35:53 PM,106
3299,1457,1/25/23,1:35:53 PM,132
3300,1458,1/25/23,1:46:05 PM,102
3301,1458,1/25/23,1:46:05 PM,110
3302,1458,1/25/23,1:46:05 PM,111
3303,1458,1/25/23,1:46:05 PM,119
3304,1459,1/25/23,2:01:11 PM,128
3305,1459,1/25/23,2:01:11 PM,129
3306,1460,1/25/23,2:17:13 PM,123
3307,1461,1/25/23,2:21:02 PM,108
3308,1461,1/25/23,2:21:02 PM,125
3309,1461,1/25/23,2:21:02 PM,128
3310,1461,1/25/23,2:21:02 PM,111
3311,1461,1/25/23,2:21:02 PM,131
3312,1462,1/25/23,2:32:07 PM,131
3313,1463,1/25/23,2:32:44 PM,129
3314,1464,1/25/23,2:43:49 PM,101
3315,1465,1/25/23,2:45:05 PM,109
3316,1465,1/25/23,2:45:05 PM,118
3317,1466,1/25/23,2:48:05 PM,113
3318,1466,1/25/23,2:48:05 PM,106
3319,1467,1/25/23,2:50:29 PM,101
3320,1468,1/25/23,3:05:16 PM,101
3321,1468,1/25/23,3:05:16 PM,118
3322,1469,1/25/23,3:23:21 PM,116
3323,1469,1/25/23,3:23:21 PM,119
3324,1470,1/25/23,3:29:05 PM,101
3325,1470,1/25/23,3:29:05 PM,120
3326,1471,1/25/23,4:07:00 PM,107
3327,1471,1/25/23,4:07:00 PM,116
3328,1471,1/25/23,4:07:00 PM,102
3329,1471,1/25/23,4:07:00 PM,125
3330,1472,1/25/23,4:32:36 PM,129
3331,1472,1/25/23,4:32:36 PM,132
3332,1473,1/25/23,4:36:54 PM,119
3333,1473,1/25/23,4:36:54 PM,119
3334,1474,1/25/23,4:52:12 PM,107
3335,1474,1/25/23,4:52:12 PM,121
3336,1475,1/25/23,4:59:21 PM,125
3337,1475,1/25/23,4:59:21 PM,113
3338,1475,1/25/23,4:59:21 PM,119
3339,1475,1/25/23,4:59:21 PM,130
3340,1476,1/25/23,5:05:06 PM,101
3341,1477,1/25/23,5:08:54 PM,131
3342,1478,1/25/23,5:26:23 PM,104
3343,1478,1/25/23,5:26:23 PM,113
3344,1478,1/25/23,5:26:23 PM,119
3345,1478,1/25/23,5:26:23 PM,114
3346,1479,1/25/23,5:30:14 PM,115
3347,1479,1/25/23,5:30:14 PM,120
3348,1480,1/25/23,5:48:20 PM,125
3349,1480,1/25/23,5:48:20 PM,111
3350,1481,1/25/23,6:12:26 PM,103
3351,1481,1/25/23,6:12:26 PM,105
3352,1482,1/25/23,6:32:16 PM,129
3353,1483,1/25/23,6:39:10 PM,107
3354,1483,1/25/23,6:39:10 PM,103
3355,1483,1/25/23,6:39:10 PM,129
3356,1484,1/25/23,6:57:43 PM,107
3357,1484,1/25/23,6:57:43 PM,102
3358,1484,1/25/23,6:57:43 PM,106
3359,1485,1/25/23,7:05:15 PM,115
3360,1485,1/25/23,7:05:15 PM,131
3361,1486,1/25/23,7:09:03 PM,127
3362,1487,1/25/23,7:41:47 PM,118
3363,1488,1/25/23,7:49:28 PM,112
3364,1488,1/25/23,7:49:28 PM,131
3365,1489,1/25/23,8:01:54 PM,113
3366,1490,1/25/23,8:07:13 PM,125
3367,1490,1/25/23,8:07:13 PM,128
3368,1490,1/25/23,8:07:13 PM,114
3369,1490,1/25/23,8:07:13 PM,132
3370,1491,1/25/23,8:19:40 PM,107
3371,1492,1/25/23,8:46:56 PM,101
3372,1492,1/25/23,8:46:56 PM,109
3373,1492,1/25/23,8:46:56 PM,111
3374,1492,1/25/23,8:46:56 PM,113
3375,1493,1/25/23,9:00:40 PM,125
3376,1494,1/25/23,9:01:50 PM,111
3377,1494,1/25/23,9:01:50 PM,120
3378,1494,1/25/23,9:01:50 PM,132
3379,1495,1/25/23,9:17:32 PM,129
3380,1495,1/25/23,9:17:32 PM,122
3381,1495,1/25/23,9:17:32 PM,130
3382,1496,1/25/23,9:32:38 PM,111
3383,1497,1/26/23,11:15:57 AM,107
3384,1497,1/26/23,11:15:57 AM,116
3385,1497,1/26/23,11:15:57 AM,117
3386,1498,1/26/23,11:25:10 AM,106
3387,1499,1/26/23,11:33:33 AM,109
3388,1500,1/26/23,11:52:57 AM,108
3389,1500,1/26/23,11:52:57 AM,111
3390,1500,1/26/23,11:52:57 AM,120
3391,1500,1/26/23,11:52:57 AM,122
3392,1501,1/26/23,12:03:55 PM,102
3393,1501,1/26/23,12:03:55 PM,125
3394,1501,1/26/23,12:03:55 PM,113
3395,1501,1/26/23,12:03:55 PM,122
3396,1502,1/26/23,12:04:48 PM,125
3397,1502,1/26/23,12:04:48 PM,NULL
3398,1503,1/26/23,12:10:49 PM,117
3399,1504,1/26/23,12:44:38 PM,107
3400,1504,1/26/23,12:44:38 PM,102
3401,1504,1/26/23,12:44:38 PM,102
3402,1504,1/26/23,12:44:38 PM,126
3403,1504,1/26/23,12:44:38 PM,128
3404,1504,1/26/23,12:44:38 PM,113
3405,1504,1/26/23,12:44:38 PM,113
3406,1504,1/26/23,12:44:38 PM,105
3407,1504,1/26/23,12:44:38 PM,130
3408,1504,1/26/23,12:44:38 PM,106
3409,1505,1/26/23,12:47:34 PM,115
3410,1505,1/26/23,12:47:34 PM,102
3411,1505,1/26/23,12:47:34 PM,108
3412,1505,1/26/23,12:47:34 PM,132
3413,1506,1/26/23,12:56:04 PM,114
3414,1507,1/26/23,1:02:45 PM,119
3415,1508,1/26/23,1:03:59 PM,124
3416,1509,1/26/23,1:08:25 PM,102
3417,1509,1/26/23,1:08:25 PM,126
3418,1509,1/26/23,1:08:25 PM,127
3419,1509,1/26/23,1:08:25 PM,112
3420,1509,1/26/23,1:08:25 PM,120
3421,1510,1/26/23,1:15:18 PM,125
3422,1511,1/26/23,1:24:17 PM,124
3423,1512,1/26/23,1:27:32 PM,119
3424,1513,1/26/23,1:46:01 PM,113
3425,1513,1/26/23,1:46:01 PM,113
3426,1514,1/26/23,1:51:21 PM,107
3427,1514,1/26/23,1:51:21 PM,120
3428,1515,1/26/23,1:52:36 PM,129
3429,1516,1/26/23,1:54:36 PM,113
3430,1516,1/26/23,1:54:36 PM,120
3431,1517,1/26/23,1:56:01 PM,105
3432,1518,1/26/23,2:00:13 PM,117
3433,1519,1/26/23,2:21:10 PM,114
3434,1520,1/26/23,2:25:20 PM,102
3435,1520,1/26/23,2:25:20 PM,103
3436,1521,1/26/23,2:32:57 PM,109
3437,1521,1/26/23,2:32:57 PM,120
3438,1522,1/26/23,2:35:32 PM,107
3439,1522,1/26/23,2:35:32 PM,108
3440,1522,1/26/23,2:35:32 PM,108
3441,1522,1/26/23,2:35:32 PM,117
3442,1523,1/26/23,2:38:13 PM,119
3443,1524,1/26/23,2:47:17 PM,132
3444,1525,1/26/23,2:47:46 PM,118
3445,1526,1/26/23,2:55:06 PM,106
3446,1527,1/26/23,3:14:30 PM,116
3447,1527,1/26/23,3:14:30 PM,126
3448,1528,1/26/23,3:24:38 PM,NULL
3449,1529,1/26/23,3:35:32 PM,118
3450,1529,1/26/23,3:35:32 PM,114
3451,1530,1/26/23,3:49:09 PM,125
3452,1530,1/26/23,3:49:09 PM,128
3453,1531,1/26/23,3:58:50 PM,109
3454,1532,1/26/23,4:04:46 PM,107
3455,1532,1/26/23,4:04:46 PM,113
3456,1533,1/26/23,4:08:02 PM,101
3457,1533,1/26/23,4:08:02 PM,112
3458,1534,1/26/23,4:21:23 PM,128
3459,1534,1/26/23,4:21:23 PM,130
3460,1534,1/26/23,4:21:23 PM,114
3461,1535,1/26/23,4:38:21 PM,101
3462,1535,1/26/23,4:38:21 PM,125
3463,1535,1/26/23,4:38:21 PM,127
3464,1535,1/26/23,4:38:21 PM,131
3465,1536,1/26/23,4:52:11 PM,116
3466,1536,1/26/23,4:52:11 PM,113
3467,1536,1/26/23,4:52:11 PM,120
3468,1537,1/26/23,5:04:54 PM,104
3469,1538,1/26/23,5:06:36 PM,103
3470,1538,1/26/23,5:06:36 PM,130
3471,1538,1/26/23,5:06:36 PM,131
3472,1539,1/26/23,6:03:43 PM,124
3473,1539,1/26/23,6:03:43 PM,117
3474,1539,1/26/23,6:03:43 PM,106
3475,1540,1/26/23,6:08:56 PM,127
3476,1540,1/26/23,6:08:56 PM,121
3477,1541,1/26/23,6:10:06 PM,106
3478,1542,1/26/23,6:37:22 PM,116
3479,1542,1/26/23,6:37:22 PM,130
3480,1542,1/26/23,6:37:22 PM,123
3481,1542,1/26/23,6:37:22 PM,106
3482,1543,1/26/23,7:21:11 PM,124
3483,1543,1/26/23,7:21:11 PM,106
3484,1544,1/26/23,7:32:50 PM,111
3485,1544,1/26/23,7:32:50 PM,122
3486,1545,1/26/23,7:33:23 PM,109
3487,1546,1/26/23,7:42:41 PM,105
3488,1547,1/26/23,8:58:38 PM,110
3489,1547,1/26/23,8:58:38 PM,131
3490,1548,1/26/23,8:59:51 PM,110
3491,1548,1/26/23,8:59:51 PM,105
3492,1549,1/26/23,9:12:55 PM,105
3493,1550,1/26/23,9:23:19 PM,107
3494,1550,1/26/23,9:23:19 PM,118
3495,1551,1/26/23,9:37:51 PM,130
3496,1552,1/27/23,11:23:30 AM,110
3497,1553,1/27/23,11:47:40 AM,116
3498,1554,1/27/23,11:57:19 AM,127
3499,1554,1/27/23,11:57:19 AM,118
3500,1554,1/27/23,11:57:19 AM,119
3501,1555,1/27/23,12:07:54 PM,132
3502,1556,1/27/23,12:19:15 PM,129
3503,1556,1/27/23,12:19:15 PM,105
3504,1557,1/27/23,12:21:21 PM,109
3505,1558,1/27/23,12:27:55 PM,127
3506,1558,1/27/23,12:27:55 PM,132
3507,1559,1/27/23,12:34:12 PM,109
3508,1560,1/27/23,12:56:17 PM,117
3509,1560,1/27/23,12:56:17 PM,111
3510,1561,1/27/23,12:56:35 PM,103
3511,1562,1/27/23,1:00:08 PM,108
3512,1563,1/27/23,1:04:38 PM,108
3513,1563,1/27/23,1:04:38 PM,110
3514,1564,1/27/23,1:05:50 PM,124
3515,1564,1/27/23,1:05:50 PM,109
3516,1564,1/27/23,1:05:50 PM,129
3517,1564,1/27/23,1:05:50 PM,113
3518,1565,1/27/23,1:21:20 PM,101
3519,1565,1/27/23,1:21:20 PM,102
3520,1565,1/27/23,1:21:20 PM,110
3521,1565,1/27/23,1:21:20 PM,110
3522,1566,1/27/23,1:23:02 PM,131
3523,1567,1/27/23,1:31:08 PM,109
3524,1567,1/27/23,1:31:08 PM,129
3525,1567,1/27/23,1:31:08 PM,119
3526,1568,1/27/23,1:38:46 PM,102
3527,1568,1/27/23,1:38:46 PM,108
3528,1568,1/27/23,1:38:46 PM,127
3529,1568,1/27/23,1:38:46 PM,131
3530,1569,1/27/23,1:38:50 PM,101
3531,1569,1/27/23,1:38:50 PM,115
3532,1569,1/27/23,1:38:50 PM,109
3533,1569,1/27/23,1:38:50 PM,110
3534,1569,1/27/23,1:38:50 PM,111
3535,1569,1/27/23,1:38:50 PM,113
3536,1569,1/27/23,1:38:50 PM,113
3537,1569,1/27/23,1:38:50 PM,118
3538,1569,1/27/23,1:38:50 PM,121
3539,1569,1/27/23,1:38:50 PM,105
3540,1569,1/27/23,1:38:50 PM,122
3541,1569,1/27/23,1:38:50 PM,123
3542,1569,1/27/23,1:38:50 PM,106
3543,1570,1/27/23,1:49:25 PM,102
3544,1571,1/27/23,2:32:25 PM,101
3545,1572,1/27/23,2:33:38 PM,120
3546,1572,1/27/23,2:33:38 PM,123
3547,1572,1/27/23,2:33:38 PM,106
3548,1573,1/27/23,2:39:50 PM,106
3549,1574,1/27/23,3:32:22 PM,101
3550,1574,1/27/23,3:32:22 PM,118
3551,1574,1/27/23,3:32:22 PM,131
3552,1575,1/27/23,3:37:13 PM,112
3553,1576,1/27/23,3:44:22 PM,121
3554,1576,1/27/23,3:44:22 PM,114
3555,1577,1/27/23,3:48:27 PM,112
3556,1578,1/27/23,4:07:40 PM,125
3557,1578,1/27/23,4:07:40 PM,129
3558,1578,1/27/23,4:07:40 PM,113
3559,1578,1/27/23,4:07:40 PM,NULL
3560,1579,1/27/23,4:19:56 PM,108
3561,1579,1/27/23,4:19:56 PM,122
3562,1580,1/27/23,4:27:31 PM,126
3563,1580,1/27/23,4:27:31 PM,132
3564,1581,1/27/23,4:28:38 PM,NULL
3565,1582,1/27/23,4:34:55 PM,102
3566,1582,1/27/23,4:34:55 PM,109
3567,1582,1/27/23,4:34:55 PM,121
3568,1582,1/27/23,4:34:55 PM,106
3569,1583,1/27/23,5:01:03 PM,103
3570,1583,1/27/23,5:01:03 PM,121
3571,1584,1/27/23,5:08:55 PM,112
3572,1584,1/27/23,5:08:55 PM,105
3573,1585,1/27/23,5:14:26 PM,107
3574,1585,1/27/23,5:14:26 PM,110
3575,1585,1/27/23,5:14:26 PM,119
3576,1586,1/27/23,5:15:31 PM,110
3577,1586,1/27/23,5:15:31 PM,105
3578,1586,1/27/23,5:15:31 PM,131
3579,1587,1/27/23,5:26:55 PM,113
3580,1588,1/27/23,5:29:19 PM,131
3581,1588,1/27/23,5:29:19 PM,123
3582,1589,1/27/23,5:46:02 PM,128
3583,1589,1/27/23,5:46:02 PM,121
3584,1589,1/27/23,5:46:02 PM,105
3585,1590,1/27/23,5:56:16 PM,103
3586,1590,1/27/23,5:56:16 PM,111
3587,1590,1/27/23,5:56:16 PM,113
3588,1590,1/27/23,5:56:16 PM,130
3589,1591,1/27/23,6:00:16 PM,107
3590,1591,1/27/23,6:00:16 PM,102
3591,1591,1/27/23,6:00:16 PM,125
3592,1591,1/27/23,6:00:16 PM,120
3593,1592,1/27/23,6:02:51 PM,104
3594,1593,1/27/23,6:06:25 PM,116
3595,1593,1/27/23,6:06:25 PM,119
3596,1593,1/27/23,6:06:25 PM,122
3597,1593,1/27/23,6:06:25 PM,114
3598,1594,1/27/23,6:16:02 PM,104
3599,1595,1/27/23,6:17:38 PM,120
3600,1595,1/27/23,6:17:38 PM,114
3601,1596,1/27/23,6:22:07 PM,121
3602,1596,1/27/23,6:22:07 PM,106
3603,1597,1/27/23,6:22:23 PM,105
3604,1598,1/27/23,6:31:26 PM,125
3605,1598,1/27/23,6:31:26 PM,119
3606,1599,1/27/23,6:33:59 PM,124
3607,1599,1/27/23,6:33:59 PM,119
3608,1600,1/27/23,6:37:54 PM,111
3609,1600,1/27/23,6:37:54 PM,112
3610,1601,1/27/23,6:48:01 PM,110
3611,1601,1/27/23,6:48:01 PM,114
3612,1602,1/27/23,6:49:15 PM,116
3613,1602,1/27/23,6:49:15 PM,106
3614,1603,1/27/23,7:16:45 PM,109
3615,1604,1/27/23,8:05:01 PM,129
3616,1604,1/27/23,8:05:01 PM,111
3617,1605,1/27/23,8:05:27 PM,110
3618,1605,1/27/23,8:05:27 PM,127
3619,1606,1/27/23,8:07:37 PM,128
3620,1606,1/27/23,8:07:37 PM,113
3621,1607,1/27/23,8:09:27 PM,115
3622,1607,1/27/23,8:09:27 PM,109
3623,1607,1/27/23,8:09:27 PM,110
3624,1608,1/27/23,8:10:32 PM,132
3625,1609,1/27/23,8:17:48 PM,109
3626,1609,1/27/23,8:17:48 PM,128
3627,1610,1/27/23,8:43:11 PM,119
3628,1611,1/27/23,9:03:04 PM,108
3629,1611,1/27/23,9:03:04 PM,112
3630,1611,1/27/23,9:03:04 PM,113
3631,1611,1/27/23,9:03:04 PM,118
3632,1612,1/27/23,9:03:29 PM,122
3633,1612,1/27/23,9:03:29 PM,114
3634,1613,1/27/23,9:05:59 PM,125
3635,1613,1/27/23,9:05:59 PM,110
3636,1613,1/27/23,9:05:59 PM,105
3637,1613,1/27/23,9:05:59 PM,132
3638,1614,1/27/23,10:10:01 PM,107
3639,1614,1/27/23,10:10:01 PM,111
3640,1615,1/27/23,10:11:38 PM,111
3641,1616,1/27/23,10:22:25 PM,113
3642,1616,1/27/23,10:22:25 PM,123
3643,1617,1/27/23,10:25:26 PM,125
3644,1617,1/27/23,10:25:26 PM,118
3645,1618,1/28/23,11:28:33 AM,107
3646,1618,1/28/23,11:28:33 AM,104
3647,1618,1/28/23,11:28:33 AM,113
3648,1618,1/28/23,11:28:33 AM,120
3649,1619,1/28/23,11:36:34 AM,101
3650,1619,1/28/23,11:36:34 AM,108
3651,1620,1/28/23,11:38:50 AM,118
3652,1620,1/28/23,11:38:50 AM,122
3653,1621,1/28/23,11:43:54 AM,107
3654,1622,1/28/23,11:49:42 AM,115
3655,1622,1/28/23,11:49:42 AM,122
3656,1623,1/28/23,11:50:41 AM,117
3657,1624,1/28/23,11:55:46 AM,102
3658,1625,1/28/23,11:58:42 AM,117
3659,1626,1/28/23,12:04:16 PM,109
3660,1627,1/28/23,12:09:40 PM,101
3661,1628,1/28/23,12:16:39 PM,115
3662,1628,1/28/23,12:16:39 PM,125
3663,1628,1/28/23,12:16:39 PM,131
3664,1629,1/28/23,12:17:09 PM,108
3665,1629,1/28/23,12:17:09 PM,118
3666,1629,1/28/23,12:17:09 PM,106
3667,1630,1/28/23,12:19:50 PM,124
3668,1630,1/28/23,12:19:50 PM,126
3669,1630,1/28/23,12:19:50 PM,113
3670,1631,1/28/23,12:20:11 PM,108
3671,1631,1/28/23,12:20:11 PM,132
3672,1632,1/28/23,12:20:31 PM,112
3673,1632,1/28/23,12:20:31 PM,122
3674,1632,1/28/23,12:20:31 PM,131
3675,1633,1/28/23,12:45:52 PM,113
3676,1633,1/28/23,12:45:52 PM,120
3677,1633,1/28/23,12:45:52 PM,130
3678,1634,1/28/23,12:47:43 PM,126
3679,1635,1/28/23,1:07:37 PM,107
3680,1636,1/28/23,1:07:52 PM,132
3681,1637,1/28/23,1:21:08 PM,101
3682,1637,1/28/23,1:21:08 PM,108
3683,1637,1/28/23,1:21:08 PM,120
3684,1638,1/28/23,1:34:25 PM,110
3685,1638,1/28/23,1:34:25 PM,129
3686,1638,1/28/23,1:34:25 PM,131
3687,1638,1/28/23,1:34:25 PM,NULL
3688,1639,1/28/23,1:37:57 PM,101
3689,1639,1/28/23,1:37:57 PM,104
3690,1639,1/28/23,1:37:57 PM,109
3691,1639,1/28/23,1:37:57 PM,109
3692,1639,1/28/23,1:37:57 PM,109
3693,1639,1/28/23,1:37:57 PM,118
3694,1639,1/28/23,1:37:57 PM,119
3695,1639,1/28/23,1:37:57 PM,NULL
3696,1640,1/28/23,1:45:42 PM,131
3697,1641,1/28/23,2:21:48 PM,108
3698,1641,1/28/23,2:21:48 PM,113
3699,1642,1/28/23,2:26:49 PM,102
3700,1642,1/28/23,2:26:49 PM,108
3701,1642,1/28/23,2:26:49 PM,121
3702,1642,1/28/23,2:26:49 PM,105
3703,1643,1/28/23,2:46:45 PM,102
3704,1643,1/28/23,2:46:45 PM,103
3705,1643,1/28/23,2:46:45 PM,111
3706,1644,1/28/23,3:01:14 PM,101
3707,1644,1/28/23,3:01:14 PM,101
3708,1644,1/28/23,3:01:14 PM,108
3709,1645,1/28/23,3:16:01 PM,132
3710,1646,1/28/23,3:28:30 PM,101
3711,1646,1/28/23,3:28:30 PM,110
3712,1646,1/28/23,3:28:30 PM,111
3713,1647,1/28/23,3:29:24 PM,125
3714,1648,1/28/23,3:43:15 PM,117
3715,1648,1/28/23,3:43:15 PM,129
3716,1648,1/28/23,3:43:15 PM,105
3717,1648,1/28/23,3:43:15 PM,122
3718,1649,1/28/23,4:26:11 PM,116
3719,1650,1/28/23,4:35:45 PM,101
3720,1650,1/28/23,4:35:45 PM,102
3721,1650,1/28/23,4:35:45 PM,110
3722,1650,1/28/23,4:35:45 PM,105
3723,1651,1/28/23,4:40:16 PM,127
3724,1652,1/28/23,4:56:19 PM,106
3725,1652,1/28/23,4:56:19 PM,132
3726,1653,1/28/23,5:28:53 PM,107
3727,1653,1/28/23,5:28:53 PM,129
3728,1654,1/28/23,5:31:36 PM,120
3729,1654,1/28/23,5:31:36 PM,122
3730,1655,1/28/23,6:15:14 PM,101
3731,1655,1/28/23,6:15:14 PM,121
3732,1655,1/28/23,6:15:14 PM,122
3733,1656,1/28/23,6:15:57 PM,109
3734,1656,1/28/23,6:15:57 PM,112
3735,1656,1/28/23,6:15:57 PM,131
3736,1656,1/28/23,6:15:57 PM,114
3737,1657,1/28/23,6:24:14 PM,101
3738,1657,1/28/23,6:24:14 PM,131
3739,1658,1/28/23,6:44:20 PM,108
3740,1658,1/28/23,6:44:20 PM,121
3741,1659,1/28/23,6:48:06 PM,124
3742,1659,1/28/23,6:48:06 PM,110
3743,1659,1/28/23,6:48:06 PM,112
3744,1659,1/28/23,6:48:06 PM,120
3745,1660,1/28/23,7:00:12 PM,107
3746,1661,1/28/23,7:05:34 PM,103
3747,1661,1/28/23,7:05:34 PM,111
3748,1662,1/28/23,7:54:25 PM,111
3749,1663,1/28/23,8:46:18 PM,127
3750,1663,1/28/23,8:46:18 PM,127
3751,1663,1/28/23,8:46:18 PM,120
3752,1663,1/28/23,8:46:18 PM,106
3753,1664,1/28/23,9:09:10 PM,129
3754,1665,1/28/23,9:24:32 PM,120
3755,1665,1/28/23,9:24:32 PM,106
3756,1666,1/28/23,9:28:58 PM,120
3757,1667,1/28/23,9:41:42 PM,111
3758,1668,1/28/23,10:28:44 PM,107
3759,1668,1/28/23,10:28:44 PM,109
3760,1668,1/28/23,10:28:44 PM,113
3761,1669,1/29/23,11:43:36 AM,104
3762,1670,1/29/23,11:52:11 AM,124
3763,1670,1/29/23,11:52:11 AM,105
3764,1670,1/29/23,11:52:11 AM,122
3765,1670,1/29/23,11:52:11 AM,132
3766,1671,1/29/23,11:55:01 AM,101
3767,1671,1/29/23,11:55:01 AM,102
3768,1672,1/29/23,12:14:46 PM,130
3769,1673,1/29/23,12:19:02 PM,129
3770,1674,1/29/23,12:26:17 PM,124
3771,1675,1/29/23,12:26:53 PM,109
3772,1675,1/29/23,12:26:53 PM,113
3773,1675,1/29/23,12:26:53 PM,120
3774,1675,1/29/23,12:26:53 PM,122
3775,1676,1/29/23,12:39:31 PM,125
3776,1677,1/29/23,12:45:39 PM,104
3777,1678,1/29/23,1:06:51 PM,113
3778,1679,1/29/23,1:08:52 PM,116
3779,1680,1/29/23,1:10:44 PM,NULL
3780,1681,1/29/23,1:23:39 PM,101
3781,1681,1/29/23,1:23:39 PM,102
3782,1682,1/29/23,1:27:10 PM,101
3783,1682,1/29/23,1:27:10 PM,113
3784,1683,1/29/23,1:27:41 PM,129
3785,1684,1/29/23,1:33:16 PM,101
3786,1684,1/29/23,1:33:16 PM,107
3787,1684,1/29/23,1:33:16 PM,113
3788,1684,1/29/23,1:33:16 PM,120
3789,1684,1/29/23,1:33:16 PM,121
3790,1684,1/29/23,1:33:16 PM,106
3791,1685,1/29/23,1:36:52 PM,101
3792,1685,1/29/23,1:36:52 PM,102
3793,1685,1/29/23,1:36:52 PM,124
3794,1685,1/29/23,1:36:52 PM,110
3795,1685,1/29/23,1:36:52 PM,117
3796,1685,1/29/23,1:36:52 PM,128
3797,1685,1/29/23,1:36:52 PM,128
3798,1685,1/29/23,1:36:52 PM,111
3799,1685,1/29/23,1:36:52 PM,118
3800,1685,1/29/23,1:36:52 PM,120
3801,1685,1/29/23,1:36:52 PM,120
3802,1685,1/29/23,1:36:52 PM,105
3803,1685,1/29/23,1:36:52 PM,106
3804,1686,1/29/23,1:37:50 PM,124
3805,1686,1/29/23,1:37:50 PM,110
3806,1686,1/29/23,1:37:50 PM,119
3807,1686,1/29/23,1:37:50 PM,132
3808,1687,1/29/23,1:39:42 PM,118
3809,1687,1/29/23,1:39:42 PM,106
3810,1688,1/29/23,1:42:20 PM,113
3811,1689,1/29/23,1:51:07 PM,131
3812,1690,1/29/23,1:55:35 PM,125
3813,1691,1/29/23,2:13:32 PM,110
3814,1692,1/29/23,2:24:36 PM,127
3815,1693,1/29/23,2:28:24 PM,127
3816,1694,1/29/23,2:39:52 PM,102
3817,1695,1/29/23,3:11:01 PM,120
3818,1695,1/29/23,3:11:01 PM,106
3819,1696,1/29/23,3:26:55 PM,101
3820,1696,1/29/23,3:26:55 PM,129
3821,1697,1/29/23,4:01:52 PM,108
3822,1697,1/29/23,4:01:52 PM,119
3823,1698,1/29/23,4:04:23 PM,117
3824,1698,1/29/23,4:04:23 PM,119
3825,1698,1/29/23,4:04:23 PM,120
3826,1699,1/29/23,4:05:53 PM,105
3827,1700,1/29/23,4:07:41 PM,116
3828,1701,1/29/23,4:40:57 PM,111
3829,1702,1/29/23,4:48:09 PM,104
3830,1703,1/29/23,5:47:55 PM,101
3831,1703,1/29/23,5:47:55 PM,119
3832,1704,1/29/23,6:15:40 PM,103
3833,1704,1/29/23,6:15:40 PM,117
3834,1704,1/29/23,6:15:40 PM,121
3835,1704,1/29/23,6:15:40 PM,132
3836,1705,1/29/23,6:38:41 PM,110
3837,1705,1/29/23,6:38:41 PM,129
3838,1706,1/29/23,6:44:29 PM,129
3839,1707,1/29/23,6:45:58 PM,110
3840,1707,1/29/23,6:45:58 PM,113
3841,1708,1/29/23,6:53:35 PM,117
3842,1709,1/29/23,6:55:40 PM,101
3843,1709,1/29/23,6:55:40 PM,118
3844,1709,1/29/23,6:55:40 PM,NULL
3845,1710,1/29/23,6:58:20 PM,102
3846,1710,1/29/23,6:58:20 PM,125
3847,1710,1/29/23,6:58:20 PM,109
3848,1711,1/29/23,6:59:29 PM,125
3849,1712,1/29/23,7:23:49 PM,102
3850,1712,1/29/23,7:23:49 PM,117
3851,1713,1/29/23,7:32:08 PM,127
3852,1714,1/29/23,7:34:31 PM,112
3853,1715,1/29/23,7:36:45 PM,124
3854,1715,1/29/23,7:36:45 PM,109
3855,1715,1/29/23,7:36:45 PM,113
3856,1715,1/29/23,7:36:45 PM,132
3857,1716,1/29/23,8:05:12 PM,112
3858,1716,1/29/23,8:05:12 PM,113
3859,1717,1/29/23,8:15:35 PM,124
3860,1718,1/29/23,8:15:51 PM,102
3861,1718,1/29/23,8:15:51 PM,119
3862,1718,1/29/23,8:15:51 PM,122
3863,1718,1/29/23,8:15:51 PM,130
3864,1719,1/29/23,8:23:41 PM,105
3865,1720,1/29/23,8:37:53 PM,129
3866,1720,1/29/23,8:37:53 PM,114
3867,1721,1/29/23,8:38:52 PM,101
3868,1721,1/29/23,8:38:52 PM,106
3869,1722,1/29/23,8:41:46 PM,104
3870,1723,1/29/23,8:50:55 PM,115
3871,1724,1/29/23,9:04:42 PM,122
3872,1725,1/29/23,9:27:53 PM,109
3873,1725,1/29/23,9:27:53 PM,130
3874,1726,1/29/23,10:44:10 PM,108
3875,1726,1/29/23,10:44:10 PM,112
3876,1727,1/30/23,11:25:25 AM,113
3877,1727,1/30/23,11:25:25 AM,106
3878,1728,1/30/23,11:30:32 AM,129
3879,1728,1/30/23,11:30:32 AM,119
3880,1729,1/30/23,11:37:42 AM,108
3881,1730,1/30/23,11:39:14 AM,109
3882,1730,1/30/23,11:39:14 AM,117
3883,1730,1/30/23,11:39:14 AM,119
3884,1731,1/30/23,12:17:29 PM,120
3885,1732,1/30/23,12:20:46 PM,101
3886,1732,1/30/23,12:20:46 PM,107
3887,1732,1/30/23,12:20:46 PM,119
3888,1733,1/30/23,12:26:56 PM,110
3889,1734,1/30/23,12:36:42 PM,101
3890,1734,1/30/23,12:36:42 PM,107
3891,1734,1/30/23,12:36:42 PM,102
3892,1734,1/30/23,12:36:42 PM,103
3893,1734,1/30/23,12:36:42 PM,104
3894,1734,1/30/23,12:36:42 PM,108
3895,1734,1/30/23,12:36:42 PM,125
3896,1734,1/30/23,12:36:42 PM,117
3897,1734,1/30/23,12:36:42 PM,129
3898,1734,1/30/23,12:36:42 PM,120
3899,1734,1/30/23,12:36:42 PM,122
3900,1734,1/30/23,12:36:42 PM,106
3901,1734,1/30/23,12:36:42 PM,106
3902,1735,1/30/23,12:59:38 PM,102
3903,1736,1/30/23,1:34:18 PM,113
3904,1737,1/30/23,1:41:21 PM,116
3905,1737,1/30/23,1:41:21 PM,103
3906,1737,1/30/23,1:41:21 PM,104
3907,1738,1/30/23,1:46:49 PM,101
3908,1738,1/30/23,1:46:49 PM,109
3909,1738,1/30/23,1:46:49 PM,117
3910,1738,1/30/23,1:46:49 PM,127
3911,1739,1/30/23,1:49:56 PM,101
3912,1739,1/30/23,1:49:56 PM,101
3913,1740,1/30/23,2:14:17 PM,103
3914,1741,1/30/23,2:19:34 PM,120
3915,1742,1/30/23,2:23:30 PM,124
3916,1743,1/30/23,2:25:35 PM,121
3917,1744,1/30/23,2:26:51 PM,101
3918,1744,1/30/23,2:26:51 PM,108
3919,1744,1/30/23,2:26:51 PM,118
3920,1745,1/30/23,2:43:16 PM,115
3921,1745,1/30/23,2:43:16 PM,108
3922,1745,1/30/23,2:43:16 PM,126
3923,1745,1/30/23,2:43:16 PM,123
3924,1746,1/30/23,3:07:16 PM,108
3925,1747,1/30/23,3:17:51 PM,113
3926,1747,1/30/23,3:17:51 PM,NULL
3927,1748,1/30/23,3:32:57 PM,102
3928,1749,1/30/23,4:02:56 PM,130
3929,1749,1/30/23,4:02:56 PM,123
3930,1749,1/30/23,4:02:56 PM,NULL
3931,1750,1/30/23,4:12:42 PM,101
3932,1750,1/30/23,4:12:42 PM,128
3933,1751,1/30/23,4:49:58 PM,102
3934,1751,1/30/23,4:49:58 PM,125
3935,1752,1/30/23,4:51:01 PM,127
3936,1752,1/30/23,4:51:01 PM,122
3937,1753,1/30/23,4:53:40 PM,102
3938,1753,1/30/23,4:53:40 PM,123
3939,1754,1/30/23,5:11:32 PM,101
3940,1754,1/30/23,5:11:32 PM,103
3941,1754,1/30/23,5:11:32 PM,127
3942,1754,1/30/23,5:11:32 PM,105
3943,1755,1/30/23,5:22:31 PM,109
3944,1755,1/30/23,5:22:31 PM,114
3945,1756,1/30/23,5:30:17 PM,128
3946,1757,1/30/23,5:32:30 PM,108
3947,1757,1/30/23,5:32:30 PM,110
3948,1758,1/30/23,5:38:25 PM,105
3949,1758,1/30/23,5:38:25 PM,132
3950,1759,1/30/23,5:49:25 PM,117
3951,1759,1/30/23,5:49:25 PM,129
3952,1759,1/30/23,5:49:25 PM,119
3953,1759,1/30/23,5:49:25 PM,131
3954,1760,1/30/23,6:00:46 PM,126
3955,1761,1/30/23,6:02:30 PM,108
3956,1762,1/30/23,6:14:18 PM,110
3957,1763,1/30/23,6:24:28 PM,125
3958,1764,1/30/23,6:24:57 PM,127
3959,1764,1/30/23,6:24:57 PM,121
3960,1764,1/30/23,6:24:57 PM,130
3961,1765,1/30/23,6:32:30 PM,127
3962,1765,1/30/23,6:32:30 PM,129
3963,1766,1/30/23,6:50:13 PM,129
3964,1767,1/30/23,7:03:49 PM,102
3965,1767,1/30/23,7:03:49 PM,108
3966,1767,1/30/23,7:03:49 PM,124
3967,1767,1/30/23,7:03:49 PM,117
3968,1768,1/30/23,7:28:42 PM,103
3969,1769,1/30/23,7:28:51 PM,109
3970,1769,1/30/23,7:28:51 PM,119
3971,1770,1/30/23,7:31:17 PM,103
3972,1771,1/30/23,7:46:17 PM,108
3973,1771,1/30/23,7:46:17 PM,131
3974,1772,1/30/23,7:57:11 PM,127
3975,1773,1/30/23,8:06:40 PM,107
3976,1773,1/30/23,8:06:40 PM,108
3977,1773,1/30/23,8:06:40 PM,123
3978,1773,1/30/23,8:06:40 PM,106
3979,1774,1/30/23,8:07:05 PM,119
3980,1775,1/30/23,8:07:17 PM,118
3981,1776,1/30/23,8:09:16 PM,125
3982,1776,1/30/23,8:09:16 PM,130
3983,1776,1/30/23,8:09:16 PM,106
3984,1777,1/30/23,8:11:18 PM,120
3985,1778,1/30/23,8:26:02 PM,109
3986,1779,1/30/23,8:27:12 PM,116
3987,1780,1/30/23,8:54:47 PM,118
3988,1781,1/30/23,9:05:03 PM,101
3989,1781,1/30/23,9:05:03 PM,116
3990,1782,1/30/23,9:05:29 PM,101
3991,1782,1/30/23,9:05:29 PM,111
3992,1783,1/30/23,9:05:39 PM,125
3993,1784,1/30/23,9:06:05 PM,108
3994,1784,1/30/23,9:06:05 PM,125
3995,1784,1/30/23,9:06:05 PM,127
3996,1784,1/30/23,9:06:05 PM,122
3997,1785,1/30/23,9:08:02 PM,108
3998,1785,1/30/23,9:08:02 PM,124
3999,1786,1/30/23,9:20:25 PM,102
4000,1786,1/30/23,9:20:25 PM,114
4001,1787,1/30/23,9:25:54 PM,110
4002,1787,1/30/23,9:25:54 PM,113
4003,1787,1/30/23,9:25:54 PM,132
4004,1788,1/30/23,9:35:08 PM,118
4005,1788,1/30/23,9:35:08 PM,123
4006,1789,1/30/23,9:49:27 PM,125
4007,1789,1/30/23,9:49:27 PM,120
4008,1789,1/30/23,9:49:27 PM,123
4009,1790,1/30/23,10:07:03 PM,122
4010,1791,1/30/23,10:46:02 PM,102
4011,1791,1/30/23,10:46:02 PM,125
4012,1791,1/30/23,10:46:02 PM,112
4013,1791,1/30/23,10:46:02 PM,106
4014,1792,1/31/23,11:31:03 AM,129
4015,1792,1/31/23,11:31:03 AM,123
4016,1792,1/31/23,11:31:03 AM,NULL
4017,1793,1/31/23,11:44:04 AM,125
4018,1793,1/31/23,11:44:04 AM,118
4019,1793,1/31/23,11:44:04 AM,132
4020,1794,1/31/23,11:56:54 AM,102
4021,1795,1/31/23,1:21:53 PM,101
4022,1795,1/31/23,1:21:53 PM,101
4023,1795,1/31/23,1:21:53 PM,116
4024,1795,1/31/23,1:21:53 PM,104
4025,1795,1/31/23,1:21:53 PM,108
4026,1795,1/31/23,1:21:53 PM,125
4027,1795,1/31/23,1:21:53 PM,129
4028,1795,1/31/23,1:21:53 PM,120
4029,1795,1/31/23,1:21:53 PM,121
4030,1795,1/31/23,1:21:53 PM,122
4031,1795,1/31/23,1:21:53 PM,122
4032,1796,1/31/23,1:31:47 PM,102
4033,1796,1/31/23,1:31:47 PM,125
4034,1796,1/31/23,1:31:47 PM,110
4035,1796,1/31/23,1:31:47 PM,111
4036,1796,1/31/23,1:31:47 PM,118
4037,1796,1/31/23,1:31:47 PM,121
4038,1797,1/31/23,1:40:00 PM,111
4039,1797,1/31/23,1:40:00 PM,106
4040,1798,1/31/23,2:03:30 PM,104
4041,1799,1/31/23,2:07:32 PM,118
4042,1800,1/31/23,2:17:39 PM,123
4043,1801,1/31/23,2:37:52 PM,102
4044,1801,1/31/23,2:37:52 PM,110
4045,1801,1/31/23,2:37:52 PM,117
4046,1801,1/31/23,2:37:52 PM,120
4047,1801,1/31/23,2:37:52 PM,NULL
4048,1802,1/31/23,2:55:20 PM,115
4049,1802,1/31/23,2:55:20 PM,110
4050,1802,1/31/23,2:55:20 PM,106
4051,1802,1/31/23,2:55:20 PM,132
4052,1803,1/31/23,3:12:38 PM,110
4053,1803,1/31/23,3:12:38 PM,127
4054,1803,1/31/23,3:12:38 PM,132
4055,1804,1/31/23,3:44:13 PM,116
4056,1804,1/31/23,3:44:13 PM,125
4057,1805,1/31/23,4:01:42 PM,109
4058,1805,1/31/23,4:01:42 PM,123
4059,1806,1/31/23,4:02:17 PM,109
4060,1806,1/31/23,4:02:17 PM,111
4061,1806,1/31/23,4:02:17 PM,113
4062,1807,1/31/23,4:07:02 PM,107
4063,1807,1/31/23,4:07:02 PM,126
4064,1807,1/31/23,4:07:02 PM,131
4065,1808,1/31/23,4:07:49 PM,107
4066,1808,1/31/23,4:07:49 PM,132
4067,1809,1/31/23,4:13:08 PM,124
4068,1809,1/31/23,4:13:08 PM,120
4069,1810,1/31/23,4:16:19 PM,108
4070,1811,1/31/23,4:23:44 PM,126
4071,1811,1/31/23,4:23:44 PM,109
4072,1811,1/31/23,4:23:44 PM,118
4073,1812,1/31/23,5:13:55 PM,108
4074,1812,1/31/23,5:13:55 PM,132
4075,1813,1/31/23,5:21:03 PM,124
4076,1813,1/31/23,5:21:03 PM,132
4077,1814,1/31/23,5:24:47 PM,107
4078,1814,1/31/23,5:24:47 PM,103
4079,1814,1/31/23,5:24:47 PM,120
4080,1815,1/31/23,5:33:56 PM,107
4081,1815,1/31/23,5:33:56 PM,109
4082,1815,1/31/23,5:33:56 PM,110
4083,1816,1/31/23,5:59:29 PM,125
4084,1816,1/31/23,5:59:29 PM,109
4085,1816,1/31/23,5:59:29 PM,122
4086,1817,1/31/23,6:05:04 PM,107
4087,1817,1/31/23,6:05:04 PM,118
4088,1817,1/31/23,6:05:04 PM,120
4089,1818,1/31/23,6:05:33 PM,111
4090,1818,1/31/23,6:05:33 PM,120
4091,1819,1/31/23,6:06:26 PM,101
4092,1819,1/31/23,6:06:26 PM,113
4093,1819,1/31/23,6:06:26 PM,132
4094,1820,1/31/23,6:13:57 PM,102
4095,1820,1/31/23,6:13:57 PM,125
4096,1820,1/31/23,6:13:57 PM,111
4097,1821,1/31/23,6:14:53 PM,103
4098,1821,1/31/23,6:14:53 PM,131
4099,1822,1/31/23,6:17:53 PM,116
4100,1822,1/31/23,6:17:53 PM,117
4101,1823,1/31/23,6:19:33 PM,102
4102,1824,1/31/23,6:20:38 PM,107
4103,1824,1/31/23,6:20:38 PM,105
4104,1825,1/31/23,6:22:51 PM,108
4105,1825,1/31/23,6:22:51 PM,124
4106,1825,1/31/23,6:22:51 PM,120
4107,1826,1/31/23,6:33:05 PM,125
4108,1826,1/31/23,6:33:05 PM,119
4109,1826,1/31/23,6:33:05 PM,119
4110,1826,1/31/23,6:33:05 PM,114
4111,1827,1/31/23,6:56:22 PM,117
4112,1827,1/31/23,6:56:22 PM,129
4113,1827,1/31/23,6:56:22 PM,121
4114,1828,1/31/23,7:12:25 PM,113
4115,1828,1/31/23,7:12:25 PM,123
4116,1828,1/31/23,7:12:25 PM,106
4117,1829,1/31/23,7:15:50 PM,102
4118,1829,1/31/23,7:15:50 PM,112
4119,1829,1/31/23,7:15:50 PM,106
4120,1829,1/31/23,7:15:50 PM,114
4121,1830,1/31/23,7:23:54 PM,120
4122,1831,1/31/23,8:02:14 PM,120
4123,1832,1/31/23,8:08:22 PM,111
4124,1833,1/31/23,8:11:10 PM,102
4125,1833,1/31/23,8:11:10 PM,129
4126,1834,1/31/23,8:26:06 PM,117
4127,1834,1/31/23,8:26:06 PM,119
4128,1835,1/31/23,8:28:11 PM,102
4129,1835,1/31/23,8:28:11 PM,109
4130,1835,1/31/23,8:28:11 PM,127
4131,1835,1/31/23,8:28:11 PM,112
4132,1836,1/31/23,8:46:18 PM,132
4133,1837,1/31/23,8:56:35 PM,101
4134,1837,1/31/23,8:56:35 PM,110
4135,1837,1/31/23,8:56:35 PM,128
4136,1837,1/31/23,8:56:35 PM,132
4137,1838,1/31/23,8:56:38 PM,125
4138,1838,1/31/23,8:56:38 PM,110
4139,1838,1/31/23,8:56:38 PM,105
4140,1839,1/31/23,8:58:38 PM,122
4141,1840,1/31/23,9:01:00 PM,107
4142,1840,1/31/23,9:01:00 PM,108
4143,1840,1/31/23,9:01:00 PM,109
4144,1840,1/31/23,9:01:00 PM,117
4145,1841,1/31/23,9:01:18 PM,121
4146,1841,1/31/23,9:01:18 PM,122
4147,1842,1/31/23,9:07:17 PM,111
4148,1842,1/31/23,9:07:17 PM,113
4149,1843,1/31/23,9:28:07 PM,107
4150,1843,1/31/23,9:28:07 PM,113
4151,1844,1/31/23,10:09:40 PM,112
4152,1844,1/31/23,10:09:40 PM,123
4153,1845,1/31/23,10:43:07 PM,127
4154,1845,1/31/23,10:43:07 PM,118
4155,1845,1/31/23,10:43:07 PM,121
4156,1845,1/31/23,10:43:07 PM,132
4157,1846,02-01-2023,11:32:07 AM,107
4158,1847,02-01-2023,11:36:27 AM,108
4159,1848,02-01-2023,11:40:46 AM,108
4160,1848,02-01-2023,11:40:46 AM,110
4161,1849,02-01-2023,11:40:47 AM,124
4162,1849,02-01-2023,11:40:47 AM,125
4163,1849,02-01-2023,11:40:47 AM,120
4164,1850,02-01-2023,11:44:12 AM,109
4165,1850,02-01-2023,11:44:12 AM,129
4166,1851,02-01-2023,11:49:01 AM,107
4167,1851,02-01-2023,11:49:01 AM,102
4168,1851,02-01-2023,11:49:01 AM,108
4169,1851,02-01-2023,11:49:01 AM,127
4170,1851,02-01-2023,11:49:01 AM,111
4171,1851,02-01-2023,11:49:01 AM,113
4172,1851,02-01-2023,11:49:01 AM,118
4173,1851,02-01-2023,11:49:01 AM,121
4174,1851,02-01-2023,11:49:01 AM,122
4175,1851,02-01-2023,11:49:01 AM,131
4176,1851,02-01-2023,11:49:01 AM,123
4177,1851,02-01-2023,11:49:01 AM,106
4178,1852,02-01-2023,11:54:36 AM,116
4179,1852,02-01-2023,11:54:36 AM,125
4180,1853,02-01-2023,12:12:59 PM,117
4181,1853,02-01-2023,12:12:59 PM,111
4182,1854,02-01-2023,12:27:17 PM,107
4183,1855,02-01-2023,12:28:09 PM,104
4184,1855,02-01-2023,12:28:09 PM,118
4185,1855,02-01-2023,12:28:09 PM,105
4186,1855,02-01-2023,12:28:09 PM,131
4187,1856,02-01-2023,12:32:48 PM,120
4188,1857,02-01-2023,12:34:00 PM,116
4189,1858,02-01-2023,12:43:50 PM,122
4190,1859,02-01-2023,1:18:55 PM,118
4191,1860,02-01-2023,1:19:52 PM,108
4192,1861,02-01-2023,1:21:23 PM,130
4193,1862,02-01-2023,1:27:02 PM,102
4194,1862,02-01-2023,1:27:02 PM,129
4195,1863,02-01-2023,1:39:45 PM,115
4196,1864,02-01-2023,1:46:26 PM,118
4197,1865,02-01-2023,2:09:37 PM,101
4198,1865,02-01-2023,2:09:37 PM,103
4199,1865,02-01-2023,2:09:37 PM,119
4200,1865,02-01-2023,2:09:37 PM,130
4201,1866,02-01-2023,2:18:56 PM,115
4202,1866,02-01-2023,2:18:56 PM,108
4203,1866,02-01-2023,2:18:56 PM,117
4204,1866,02-01-2023,2:18:56 PM,121
4205,1866,02-01-2023,2:18:56 PM,105
4206,1866,02-01-2023,2:18:56 PM,123
4207,1867,02-01-2023,2:35:50 PM,122
4208,1868,02-01-2023,2:35:56 PM,124
4209,1868,02-01-2023,2:35:56 PM,123
4210,1869,02-01-2023,2:37:38 PM,127
4211,1869,02-01-2023,2:37:38 PM,113
4212,1869,02-01-2023,2:37:38 PM,119
4213,1869,02-01-2023,2:37:38 PM,119
4214,1870,02-01-2023,2:45:45 PM,107
4215,1871,02-01-2023,3:01:40 PM,110
4216,1872,02-01-2023,3:07:28 PM,117
4217,1872,02-01-2023,3:07:28 PM,129
4218,1872,02-01-2023,3:07:28 PM,118
4219,1872,02-01-2023,3:07:28 PM,106
4220,1873,02-01-2023,3:09:20 PM,102
4221,1873,02-01-2023,3:09:20 PM,120
4222,1874,02-01-2023,3:19:35 PM,120
4223,1875,02-01-2023,3:52:26 PM,113
4224,1875,02-01-2023,3:52:26 PM,105
4225,1876,02-01-2023,3:56:21 PM,101
4226,1876,02-01-2023,3:56:21 PM,116
4227,1876,02-01-2023,3:56:21 PM,125
4228,1876,02-01-2023,3:56:21 PM,130
4229,1877,02-01-2023,4:03:52 PM,105
4230,1877,02-01-2023,4:03:52 PM,130
4231,1878,02-01-2023,4:07:22 PM,108
4232,1878,02-01-2023,4:07:22 PM,111
4233,1879,02-01-2023,4:14:27 PM,107
4234,1880,02-01-2023,4:15:40 PM,110
4235,1880,02-01-2023,4:15:40 PM,127
4236,1880,02-01-2023,4:15:40 PM,129
4237,1881,02-01-2023,4:16:16 PM,111
4238,1881,02-01-2023,4:16:16 PM,113
4239,1882,02-01-2023,4:18:31 PM,102
4240,1882,02-01-2023,4:18:31 PM,124
4241,1883,02-01-2023,4:25:39 PM,109
4242,1884,02-01-2023,4:34:15 PM,102
4243,1884,02-01-2023,4:34:15 PM,126
4244,1884,02-01-2023,4:34:15 PM,109
4245,1884,02-01-2023,4:34:15 PM,106
4246,1885,02-01-2023,4:34:57 PM,108
4247,1885,02-01-2023,4:34:57 PM,117
4248,1885,02-01-2023,4:34:57 PM,122
4249,1885,02-01-2023,4:34:57 PM,130
4250,1886,02-01-2023,4:43:54 PM,129
4251,1887,02-01-2023,4:48:06 PM,102
4252,1887,02-01-2023,4:48:06 PM,108
4253,1887,02-01-2023,4:48:06 PM,110
4254,1887,02-01-2023,4:48:06 PM,113
4255,1887,02-01-2023,4:48:06 PM,105
4256,1888,02-01-2023,5:01:44 PM,116
4257,1888,02-01-2023,5:01:44 PM,111
4258,1889,02-01-2023,5:03:26 PM,101
4259,1889,02-01-2023,5:03:26 PM,117
4260,1890,02-01-2023,5:09:36 PM,124
4261,1890,02-01-2023,5:09:36 PM,112
4262,1891,02-01-2023,5:11:07 PM,116
4263,1891,02-01-2023,5:11:07 PM,102
4264,1891,02-01-2023,5:11:07 PM,122
4265,1891,02-01-2023,5:11:07 PM,114
4266,1892,02-01-2023,5:11:28 PM,102
4267,1892,02-01-2023,5:11:28 PM,109
4268,1892,02-01-2023,5:11:28 PM,120
4269,1893,02-01-2023,5:11:36 PM,106
4270,1894,02-01-2023,5:13:57 PM,108
4271,1894,02-01-2023,5:13:57 PM,NULL
4272,1895,02-01-2023,5:24:50 PM,116
4273,1895,02-01-2023,5:24:50 PM,105
4274,1895,02-01-2023,5:24:50 PM,122
4275,1895,02-01-2023,5:24:50 PM,106
4276,1896,02-01-2023,5:28:49 PM,102
4277,1897,02-01-2023,5:32:37 PM,112
4278,1897,02-01-2023,5:32:37 PM,105
4279,1897,02-01-2023,5:32:37 PM,106
4280,1898,02-01-2023,5:34:26 PM,103
4281,1899,02-01-2023,5:35:39 PM,103
4282,1899,02-01-2023,5:35:39 PM,118
4283,1900,02-01-2023,5:42:49 PM,109
4284,1901,02-01-2023,5:47:51 PM,101
4285,1901,02-01-2023,5:47:51 PM,125
4286,1902,02-01-2023,5:50:51 PM,125
4287,1902,02-01-2023,5:50:51 PM,110
4288,1903,02-01-2023,6:06:22 PM,125
4289,1904,02-01-2023,6:13:17 PM,107
4290,1904,02-01-2023,6:13:17 PM,108
4291,1904,02-01-2023,6:13:17 PM,117
4292,1904,02-01-2023,6:13:17 PM,113
4293,1905,02-01-2023,6:14:34 PM,101
4294,1905,02-01-2023,6:14:34 PM,102
4295,1905,02-01-2023,6:14:34 PM,108
4296,1906,02-01-2023,6:17:07 PM,124
4297,1907,02-01-2023,6:25:35 PM,131
4298,1908,02-01-2023,6:28:56 PM,101
4299,1909,02-01-2023,6:45:56 PM,117
4300,1910,02-01-2023,6:57:06 PM,101
4301,1911,02-01-2023,7:01:15 PM,102
4302,1912,02-01-2023,7:01:32 PM,112
4303,1912,02-01-2023,7:01:32 PM,119
4304,1913,02-01-2023,7:04:46 PM,102
4305,1914,02-01-2023,7:24:03 PM,113
4306,1915,02-01-2023,7:24:26 PM,113
4307,1915,02-01-2023,7:24:26 PM,122
4308,1916,02-01-2023,7:27:59 PM,101
4309,1916,02-01-2023,7:27:59 PM,111
4310,1917,02-01-2023,7:48:51 PM,115
4311,1917,02-01-2023,7:48:51 PM,129
4312,1917,02-01-2023,7:48:51 PM,105
4313,1917,02-01-2023,7:48:51 PM,114
4314,1918,02-01-2023,7:50:54 PM,102
4315,1919,02-01-2023,8:03:59 PM,122
4316,1920,02-01-2023,8:04:38 PM,101
4317,1920,02-01-2023,8:04:38 PM,119
4318,1921,02-01-2023,8:07:50 PM,127
4319,1922,02-01-2023,8:09:20 PM,104
4320,1922,02-01-2023,8:09:20 PM,126
4321,1922,02-01-2023,8:09:20 PM,NULL
4322,1922,02-01-2023,8:09:20 PM,132
4323,1923,02-01-2023,8:34:14 PM,101
4324,1923,02-01-2023,8:34:14 PM,108
4325,1924,02-01-2023,8:40:02 PM,101
4326,1924,02-01-2023,8:40:02 PM,119
4327,1924,02-01-2023,8:40:02 PM,131
4328,1925,02-01-2023,8:43:56 PM,117
4329,1925,02-01-2023,8:43:56 PM,113
4330,1926,02-01-2023,9:12:29 PM,126
4331,1926,02-01-2023,9:12:29 PM,113
4332,1927,02-01-2023,9:31:03 PM,121
4333,1927,02-01-2023,9:31:03 PM,122
4334,1927,02-01-2023,9:31:03 PM,106
4335,1928,02-01-2023,9:57:20 PM,101
4336,1929,02-01-2023,10:08:01 PM,102
4337,1929,02-01-2023,10:08:01 PM,108
4338,1929,02-01-2023,10:08:01 PM,109
4339,1929,02-01-2023,10:08:01 PM,111
4340,1930,02-01-2023,10:11:02 PM,116
4341,1931,02-01-2023,10:15:43 PM,107
4342,1931,02-01-2023,10:15:43 PM,105
4343,1932,02-01-2023,10:29:35 PM,102
4344,1932,02-01-2023,10:29:35 PM,106
4345,1933,02-02-2023,11:17:08 AM,102
4346,1933,02-02-2023,11:17:08 AM,127
4347,1933,02-02-2023,11:17:08 AM,106
4348,1933,02-02-2023,11:17:08 AM,106
4349,1934,02-02-2023,11:24:45 AM,102
4350,1935,02-02-2023,11:24:47 AM,127
4351,1935,02-02-2023,11:24:47 AM,119
4352,1936,02-02-2023,11:34:50 AM,109
4353,1936,02-02-2023,11:34:50 AM,106
4354,1937,02-02-2023,11:43:47 AM,120
4355,1938,02-02-2023,11:46:18 AM,113
4356,1939,02-02-2023,12:29:44 PM,113
4357,1940,02-02-2023,12:30:48 PM,132
4358,1941,02-02-2023,12:33:21 PM,113
4359,1942,02-02-2023,12:38:58 PM,108
4360,1942,02-02-2023,12:38:58 PM,106
4361,1943,02-02-2023,12:40:35 PM,124
4362,1943,02-02-2023,12:40:35 PM,109
4363,1944,02-02-2023,12:49:13 PM,125
4364,1944,02-02-2023,12:49:13 PM,122
4365,1945,02-02-2023,12:50:14 PM,131
4366,1946,02-02-2023,1:01:49 PM,102
4367,1946,02-02-2023,1:01:49 PM,102
4368,1946,02-02-2023,1:01:49 PM,103
4369,1946,02-02-2023,1:01:49 PM,110
4370,1946,02-02-2023,1:01:49 PM,128
4371,1946,02-02-2023,1:01:49 PM,129
4372,1946,02-02-2023,1:01:49 PM,120
4373,1946,02-02-2023,1:01:49 PM,121
4374,1947,02-02-2023,1:12:14 PM,101
4375,1947,02-02-2023,1:12:14 PM,106
4376,1948,02-02-2023,1:13:28 PM,117
4377,1948,02-02-2023,1:13:28 PM,129
4378,1948,02-02-2023,1:13:28 PM,112
4379,1949,02-02-2023,1:14:06 PM,101
4380,1950,02-02-2023,1:14:40 PM,110
4381,1951,02-02-2023,1:39:08 PM,113
4382,1951,02-02-2023,1:39:08 PM,122
4383,1952,02-02-2023,1:41:46 PM,129
4384,1953,02-02-2023,1:42:31 PM,117
4385,1954,02-02-2023,1:53:10 PM,112
4386,1955,02-02-2023,2:28:24 PM,114
4387,1956,02-02-2023,2:36:07 PM,116
4388,1956,02-02-2023,2:36:07 PM,104
4389,1956,02-02-2023,2:36:07 PM,132
4390,1957,02-02-2023,2:50:01 PM,107
4391,1957,02-02-2023,2:50:01 PM,103
4392,1957,02-02-2023,2:50:01 PM,104
4393,1957,02-02-2023,2:50:01 PM,126
4394,1957,02-02-2023,2:50:01 PM,117
4395,1957,02-02-2023,2:50:01 PM,112
4396,1957,02-02-2023,2:50:01 PM,113
4397,1957,02-02-2023,2:50:01 PM,118
4398,1957,02-02-2023,2:50:01 PM,118
4399,1957,02-02-2023,2:50:01 PM,131
4400,1957,02-02-2023,2:50:01 PM,131
4401,1957,02-02-2023,2:50:01 PM,106
4402,1957,02-02-2023,2:50:01 PM,132
4403,1957,02-02-2023,2:50:01 PM,132
4404,1958,02-02-2023,3:05:43 PM,118
4405,1959,02-02-2023,3:09:10 PM,106
4406,1960,02-02-2023,3:15:16 PM,113
4407,1961,02-02-2023,3:29:57 PM,107
4408,1961,02-02-2023,3:29:57 PM,129
4409,1962,02-02-2023,3:32:15 PM,102
4410,1963,02-02-2023,3:59:08 PM,107
4411,1963,02-02-2023,3:59:08 PM,119
4412,1963,02-02-2023,3:59:08 PM,122
4413,1964,02-02-2023,4:09:42 PM,120
4414,1964,02-02-2023,4:09:42 PM,123
4415,1964,02-02-2023,4:09:42 PM,132
4416,1965,02-02-2023,4:10:04 PM,124
4417,1965,02-02-2023,4:10:04 PM,125
4418,1965,02-02-2023,4:10:04 PM,109
4419,1965,02-02-2023,4:10:04 PM,110
4420,1966,02-02-2023,4:14:14 PM,120
4421,1966,02-02-2023,4:14:14 PM,121
4422,1966,02-02-2023,4:14:14 PM,122
4423,1966,02-02-2023,4:14:14 PM,123
4424,1967,02-02-2023,4:41:43 PM,109
4425,1967,02-02-2023,4:41:43 PM,112
4426,1967,02-02-2023,4:41:43 PM,105
4427,1967,02-02-2023,4:41:43 PM,131
4428,1968,02-02-2023,4:58:41 PM,107
4429,1968,02-02-2023,4:58:41 PM,115
4430,1968,02-02-2023,4:58:41 PM,108
4431,1969,02-02-2023,5:10:43 PM,109
4432,1970,02-02-2023,5:30:16 PM,101
4433,1971,02-02-2023,5:31:16 PM,110
4434,1971,02-02-2023,5:31:16 PM,110
4435,1972,02-02-2023,5:35:29 PM,116
4436,1972,02-02-2023,5:35:29 PM,129
4437,1972,02-02-2023,5:35:29 PM,113
4438,1972,02-02-2023,5:35:29 PM,119
4439,1973,02-02-2023,5:48:51 PM,125
4440,1974,02-02-2023,5:49:37 PM,107
4441,1974,02-02-2023,5:49:37 PM,110
4442,1974,02-02-2023,5:49:37 PM,130
4443,1975,02-02-2023,6:07:34 PM,108
4444,1975,02-02-2023,6:07:34 PM,113
4445,1976,02-02-2023,6:25:11 PM,124
4446,1976,02-02-2023,6:25:11 PM,105
4447,1976,02-02-2023,6:25:11 PM,106
4448,1977,02-02-2023,6:27:37 PM,103
4449,1978,02-02-2023,7:03:28 PM,113
4450,1979,02-02-2023,7:05:23 PM,114
4451,1980,02-02-2023,7:07:15 PM,110
4452,1981,02-02-2023,7:10:40 PM,103
4453,1981,02-02-2023,7:10:40 PM,109
4454,1981,02-02-2023,7:10:40 PM,122
4455,1981,02-02-2023,7:10:40 PM,130
4456,1982,02-02-2023,7:36:26 PM,113
4457,1983,02-02-2023,7:39:08 PM,121
4458,1984,02-02-2023,7:50:13 PM,107
4459,1984,02-02-2023,7:50:13 PM,132
4460,1985,02-02-2023,8:00:05 PM,119
4461,1985,02-02-2023,8:00:05 PM,130
4462,1986,02-02-2023,8:07:17 PM,101
4463,1986,02-02-2023,8:07:17 PM,111
4464,1986,02-02-2023,8:07:17 PM,131
4465,1986,02-02-2023,8:07:17 PM,132
4466,1987,02-02-2023,8:09:54 PM,116
4467,1987,02-02-2023,8:09:54 PM,103
4468,1987,02-02-2023,8:09:54 PM,132
4469,1988,02-02-2023,8:46:01 PM,102
4470,1988,02-02-2023,8:46:01 PM,104
4471,1988,02-02-2023,8:46:01 PM,118
4472,1989,02-02-2023,9:15:17 PM,101
4473,1989,02-02-2023,9:15:17 PM,132
4474,1990,02-02-2023,9:22:35 PM,116
4475,1990,02-02-2023,9:22:35 PM,109
4476,1990,02-02-2023,9:22:35 PM,122
4477,1991,02-02-2023,9:47:12 PM,123
4478,1992,02-02-2023,9:48:32 PM,103
4479,1993,02-02-2023,10:07:29 PM,132
4480,1994,02-02-2023,10:08:10 PM,102
4481,1994,02-02-2023,10:08:10 PM,109
4482,1994,02-02-2023,10:08:10 PM,118
4483,1994,02-02-2023,10:08:10 PM,123
4484,1995,02-02-2023,10:19:33 PM,101
4485,1995,02-02-2023,10:19:33 PM,116
4486,1995,02-02-2023,10:19:33 PM,124
4487,1995,02-02-2023,10:19:33 PM,123
4488,1996,02-03-2023,11:25:25 AM,124
4489,1996,02-03-2023,11:25:25 AM,110
4490,1996,02-03-2023,11:25:25 AM,120
4491,1997,02-03-2023,11:35:10 AM,126
4492,1998,02-03-2023,11:47:03 AM,131
4493,1999,02-03-2023,12:07:51 PM,107
4494,1999,02-03-2023,12:07:51 PM,116
4495,1999,02-03-2023,12:07:51 PM,116
4496,1999,02-03-2023,12:07:51 PM,110
4497,1999,02-03-2023,12:07:51 PM,117
4498,1999,02-03-2023,12:07:51 PM,127
4499,1999,02-03-2023,12:07:51 PM,111
4500,1999,02-03-2023,12:07:51 PM,112
4501,1999,02-03-2023,12:07:51 PM,122
4502,1999,02-03-2023,12:07:51 PM,106
4503,2000,02-03-2023,12:14:27 PM,101
4504,2000,02-03-2023,12:14:27 PM,107
4505,2000,02-03-2023,12:14:27 PM,116
4506,2000,02-03-2023,12:14:27 PM,125
4507,2000,02-03-2023,12:14:27 PM,112
4508,2000,02-03-2023,12:14:27 PM,113
4509,2000,02-03-2023,12:14:27 PM,121
4510,2000,02-03-2023,12:14:27 PM,130
4511,2000,02-03-2023,12:14:27 PM,106
4512,2000,02-03-2023,12:14:27 PM,132
4513,2000,02-03-2023,12:14:27 PM,132
4514,2001,02-03-2023,12:20:45 PM,116
4515,2001,02-03-2023,12:20:45 PM,116
4516,2001,02-03-2023,12:20:45 PM,125
4517,2001,02-03-2023,12:20:45 PM,110
4518,2002,02-03-2023,12:21:10 PM,107
4519,2002,02-03-2023,12:21:10 PM,117
4520,2002,02-03-2023,12:21:10 PM,131
4521,2003,02-03-2023,12:21:25 PM,126
4522,2004,02-03-2023,12:24:06 PM,110
4523,2004,02-03-2023,12:24:06 PM,118
4524,2004,02-03-2023,12:24:06 PM,119
4525,2005,02-03-2023,12:32:02 PM,102
4526,2005,02-03-2023,12:32:02 PM,103
4527,2005,02-03-2023,12:32:02 PM,118
4528,2005,02-03-2023,12:32:02 PM,123
4529,2006,02-03-2023,12:35:28 PM,103
4530,2006,02-03-2023,12:35:28 PM,126
4531,2006,02-03-2023,12:35:28 PM,109
4532,2006,02-03-2023,12:35:28 PM,106
4533,2007,02-03-2023,12:37:21 PM,101
4534,2007,02-03-2023,12:37:21 PM,131
4535,2008,02-03-2023,12:47:12 PM,111
4536,2009,02-03-2023,12:55:07 PM,114
4537,2010,02-03-2023,1:00:41 PM,107
4538,2010,02-03-2023,1:00:41 PM,113
4539,2010,02-03-2023,1:00:41 PM,120
4540,2010,02-03-2023,1:00:41 PM,131
4541,2011,02-03-2023,1:01:28 PM,103
4542,2011,02-03-2023,1:01:28 PM,118
4543,2011,02-03-2023,1:01:28 PM,122
4544,2011,02-03-2023,1:01:28 PM,132
4545,2012,02-03-2023,1:19:00 PM,122
4546,2012,02-03-2023,1:19:00 PM,NULL
4547,2013,02-03-2023,1:20:46 PM,107
4548,2013,02-03-2023,1:20:46 PM,115
4549,2013,02-03-2023,1:20:46 PM,108
4550,2014,02-03-2023,1:23:13 PM,122
4551,2015,02-03-2023,1:23:49 PM,109
4552,2016,02-03-2023,1:47:00 PM,101
4553,2016,02-03-2023,1:47:00 PM,126
4554,2016,02-03-2023,1:47:00 PM,127
4555,2017,02-03-2023,1:51:56 PM,101
4556,2017,02-03-2023,1:51:56 PM,110
4557,2018,02-03-2023,2:06:04 PM,113
4558,2018,02-03-2023,2:06:04 PM,118
4559,2018,02-03-2023,2:06:04 PM,120
4560,2018,02-03-2023,2:06:04 PM,NULL
4561,2019,02-03-2023,2:14:03 PM,105
4562,2020,02-03-2023,2:14:05 PM,107
4563,2021,02-03-2023,2:25:13 PM,102
4564,2021,02-03-2023,2:25:13 PM,110
4565,2021,02-03-2023,2:25:13 PM,113
4566,2021,02-03-2023,2:25:13 PM,118
4567,2022,02-03-2023,2:36:36 PM,104
4568,2022,02-03-2023,2:36:36 PM,114
4569,2023,02-03-2023,3:05:28 PM,125
4570,2024,02-03-2023,4:04:02 PM,121
4571,2024,02-03-2023,4:04:02 PM,105
4572,2024,02-03-2023,4:04:02 PM,131
4573,2025,02-03-2023,4:11:01 PM,102
4574,2025,02-03-2023,4:11:01 PM,132
4575,2026,02-03-2023,4:11:48 PM,129
4576,2027,02-03-2023,4:20:30 PM,105
4577,2027,02-03-2023,4:20:30 PM,131
4578,2028,02-03-2023,4:38:16 PM,125
4579,2029,02-03-2023,4:47:49 PM,123
4580,2029,02-03-2023,4:47:49 PM,106
4581,2030,02-03-2023,4:50:44 PM,124
4582,2030,02-03-2023,4:50:44 PM,105
4583,2031,02-03-2023,4:51:05 PM,102
4584,2031,02-03-2023,4:51:05 PM,113
4585,2031,02-03-2023,4:51:05 PM,105
4586,2032,02-03-2023,5:12:51 PM,114
4587,2033,02-03-2023,5:13:15 PM,101
4588,2033,02-03-2023,5:13:15 PM,122
4589,2033,02-03-2023,5:13:15 PM,130
4590,2033,02-03-2023,5:13:15 PM,132
4591,2034,02-03-2023,5:15:18 PM,107
4592,2034,02-03-2023,5:15:18 PM,113
4593,2035,02-03-2023,5:16:16 PM,108
4594,2036,02-03-2023,5:17:29 PM,101
4595,2036,02-03-2023,5:17:29 PM,124
4596,2036,02-03-2023,5:17:29 PM,110
4597,2037,02-03-2023,5:30:57 PM,128
4598,2038,02-03-2023,5:31:35 PM,120
4599,2039,02-03-2023,5:36:07 PM,112
4600,2040,02-03-2023,5:36:45 PM,125
4601,2041,02-03-2023,5:40:35 PM,108
4602,2042,02-03-2023,6:01:43 PM,101
4603,2042,02-03-2023,6:01:43 PM,117
4604,2042,02-03-2023,6:01:43 PM,132
4605,2043,02-03-2023,6:23:13 PM,114
4606,2044,02-03-2023,6:33:46 PM,119
4607,2044,02-03-2023,6:33:46 PM,123
4608,2045,02-03-2023,6:46:11 PM,118
4609,2046,02-03-2023,6:46:54 PM,127
4610,2046,02-03-2023,6:46:54 PM,111
4611,2047,02-03-2023,6:47:08 PM,113
4612,2047,02-03-2023,6:47:08 PM,119
4613,2047,02-03-2023,6:47:08 PM,131
4614,2048,02-03-2023,6:48:26 PM,122
4615,2049,02-03-2023,7:00:24 PM,101
4616,2049,02-03-2023,7:00:24 PM,102
4617,2049,02-03-2023,7:00:24 PM,132
4618,2050,02-03-2023,7:20:46 PM,127
4619,2050,02-03-2023,7:20:46 PM,112
4620,2050,02-03-2023,7:20:46 PM,121
4621,2050,02-03-2023,7:20:46 PM,123
4622,2051,02-03-2023,7:51:00 PM,116
4623,2051,02-03-2023,7:51:00 PM,102
4624,2051,02-03-2023,7:51:00 PM,129
4625,2051,02-03-2023,7:51:00 PM,123
4626,2052,02-03-2023,7:54:31 PM,115
4627,2052,02-03-2023,7:54:31 PM,124
4628,2052,02-03-2023,7:54:31 PM,125
4629,2052,02-03-2023,7:54:31 PM,120
4630,2053,02-03-2023,8:42:43 PM,125
4631,2053,02-03-2023,8:42:43 PM,113
4632,2054,02-03-2023,8:46:45 PM,125
4633,2054,02-03-2023,8:46:45 PM,127
4634,2055,02-03-2023,8:59:30 PM,104
4635,2055,02-03-2023,8:59:30 PM,110
4636,2056,02-03-2023,9:05:04 PM,112
4637,2056,02-03-2023,9:05:04 PM,121
4638,2056,02-03-2023,9:05:04 PM,132
4639,2057,02-03-2023,9:11:26 PM,125
4640,2057,02-03-2023,9:11:26 PM,NULL
4641,2058,02-04-2023,11:19:17 AM,113
4642,2058,02-04-2023,11:19:17 AM,122
4643,2059,02-04-2023,11:41:34 AM,117
4644,2059,02-04-2023,11:41:34 AM,105
4645,2059,02-04-2023,11:41:34 AM,122
4646,2060,02-04-2023,11:45:09 AM,110
4647,2060,02-04-2023,11:45:09 AM,122
4648,2061,02-04-2023,11:49:00 AM,104
4649,2061,02-04-2023,11:49:00 AM,123
4650,2062,02-04-2023,11:56:32 AM,110
4651,2063,02-04-2023,12:25:02 PM,107
4652,2064,02-04-2023,12:26:39 PM,101
4653,2064,02-04-2023,12:26:39 PM,103
4654,2064,02-04-2023,12:26:39 PM,128
4655,2064,02-04-2023,12:26:39 PM,129
4656,2065,02-04-2023,12:27:21 PM,117
4657,2065,02-04-2023,12:27:21 PM,120
4658,2065,02-04-2023,12:27:21 PM,132
4659,2066,02-04-2023,12:44:20 PM,109
4660,2066,02-04-2023,12:44:20 PM,109
4661,2067,02-04-2023,12:47:00 PM,122
4662,2068,02-04-2023,12:49:48 PM,107
4663,2068,02-04-2023,12:49:48 PM,115
4664,2069,02-04-2023,12:58:32 PM,113
4665,2069,02-04-2023,12:58:32 PM,131
4666,2070,02-04-2023,1:00:47 PM,120
4667,2070,02-04-2023,1:00:47 PM,132
4668,2071,02-04-2023,1:06:29 PM,108
4669,2072,02-04-2023,1:08:24 PM,117
4670,2073,02-04-2023,1:35:51 PM,101
4671,2073,02-04-2023,1:35:51 PM,126
4672,2073,02-04-2023,1:35:51 PM,109
4673,2073,02-04-2023,1:35:51 PM,109
4674,2073,02-04-2023,1:35:51 PM,110
4675,2073,02-04-2023,1:35:51 PM,110
4676,2073,02-04-2023,1:35:51 PM,117
4677,2073,02-04-2023,1:35:51 PM,106
4678,2073,02-04-2023,1:35:51 PM,106
4679,2074,02-04-2023,1:41:08 PM,124
4680,2074,02-04-2023,1:41:08 PM,109
4681,2075,02-04-2023,2:03:04 PM,107
4682,2075,02-04-2023,2:03:04 PM,115
4683,2075,02-04-2023,2:03:04 PM,102
4684,2075,02-04-2023,2:03:04 PM,124
4685,2075,02-04-2023,2:03:04 PM,125
4686,2075,02-04-2023,2:03:04 PM,127
4687,2075,02-04-2023,2:03:04 PM,129
4688,2075,02-04-2023,2:03:04 PM,111
4689,2075,02-04-2023,2:03:04 PM,112
4690,2075,02-04-2023,2:03:04 PM,118
4691,2075,02-04-2023,2:03:04 PM,122
4692,2075,02-04-2023,2:03:04 PM,132
4693,2075,02-04-2023,2:03:04 PM,132
4694,2076,02-04-2023,2:11:44 PM,101
4695,2076,02-04-2023,2:11:44 PM,127
4696,2077,02-04-2023,2:31:27 PM,117
4697,2078,02-04-2023,2:49:29 PM,101
4698,2078,02-04-2023,2:49:29 PM,131
4699,2079,02-04-2023,2:57:11 PM,122
4700,2080,02-04-2023,2:58:48 PM,102
4701,2080,02-04-2023,2:58:48 PM,128
4702,2081,02-04-2023,3:14:39 PM,129
4703,2081,02-04-2023,3:14:39 PM,112
4704,2081,02-04-2023,3:14:39 PM,112
4705,2081,02-04-2023,3:14:39 PM,113
4706,2082,02-04-2023,3:16:20 PM,112
4707,2083,02-04-2023,3:40:20 PM,104
4708,2084,02-04-2023,4:06:23 PM,125
4709,2084,02-04-2023,4:06:23 PM,117
4710,2085,02-04-2023,4:16:36 PM,127
4711,2086,02-04-2023,4:38:50 PM,109
4712,2086,02-04-2023,4:38:50 PM,111
4713,2087,02-04-2023,4:39:18 PM,101
4714,2087,02-04-2023,4:39:18 PM,125
4715,2088,02-04-2023,4:48:57 PM,123
4716,2089,02-04-2023,5:05:16 PM,122
4717,2090,02-04-2023,5:17:07 PM,101
4718,2090,02-04-2023,5:17:07 PM,110
4719,2090,02-04-2023,5:17:07 PM,105
4720,2090,02-04-2023,5:17:07 PM,131
4721,2091,02-04-2023,5:17:43 PM,124
4722,2091,02-04-2023,5:17:43 PM,121
4723,2092,02-04-2023,5:31:43 PM,109
4724,2092,02-04-2023,5:31:43 PM,129
4725,2093,02-04-2023,5:33:29 PM,113
4726,2093,02-04-2023,5:33:29 PM,123
4727,2094,02-04-2023,5:35:45 PM,109
4728,2094,02-04-2023,5:35:45 PM,127
4729,2095,02-04-2023,5:49:55 PM,101
4730,2095,02-04-2023,5:49:55 PM,102
4731,2095,02-04-2023,5:49:55 PM,110
4732,2095,02-04-2023,5:49:55 PM,105
4733,2096,02-04-2023,6:11:16 PM,112
4734,2097,02-04-2023,6:13:32 PM,125
4735,2097,02-04-2023,6:13:32 PM,105
4736,2097,02-04-2023,6:13:32 PM,NULL
4737,2098,02-04-2023,6:16:27 PM,108
4738,2098,02-04-2023,6:16:27 PM,124
4739,2099,02-04-2023,6:44:17 PM,113
4740,2100,02-04-2023,6:46:03 PM,108
4741,2100,02-04-2023,6:46:03 PM,117
4742,2101,02-04-2023,7:27:08 PM,115
4743,2101,02-04-2023,7:27:08 PM,108
4744,2101,02-04-2023,7:27:08 PM,117
4745,2102,02-04-2023,7:30:52 PM,107
4746,2102,02-04-2023,7:30:52 PM,127
4747,2102,02-04-2023,7:30:52 PM,129
4748,2103,02-04-2023,7:38:28 PM,101
4749,2103,02-04-2023,7:38:28 PM,116
4750,2103,02-04-2023,7:38:28 PM,102
4751,2103,02-04-2023,7:38:28 PM,105
4752,2104,02-04-2023,8:09:43 PM,124
4753,2104,02-04-2023,8:09:43 PM,129
4754,2104,02-04-2023,8:09:43 PM,105
4755,2105,02-04-2023,8:22:27 PM,125
4756,2106,02-04-2023,8:54:54 PM,131
4757,2106,02-04-2023,8:54:54 PM,114
4758,2107,02-04-2023,9:01:41 PM,128
4759,2107,02-04-2023,9:01:41 PM,118
4760,2108,02-04-2023,9:05:07 PM,102
4761,2108,02-04-2023,9:05:07 PM,124
4762,2108,02-04-2023,9:05:07 PM,131
4763,2108,02-04-2023,9:05:07 PM,123
4764,2109,02-04-2023,9:13:14 PM,102
4765,2109,02-04-2023,9:13:14 PM,113
4766,2110,02-04-2023,9:16:34 PM,111
4767,2110,02-04-2023,9:16:34 PM,119
4768,2111,02-04-2023,9:28:44 PM,101
4769,2111,02-04-2023,9:28:44 PM,103
4770,2111,02-04-2023,9:28:44 PM,110
4771,2111,02-04-2023,9:28:44 PM,113
4772,2112,02-04-2023,10:07:51 PM,101
4773,2113,02-04-2023,10:16:08 PM,103
4774,2113,02-04-2023,10:16:08 PM,129
4775,2114,02-04-2023,10:26:28 PM,108
4776,2115,02-05-2023,11:15:19 AM,107
4777,2115,02-05-2023,11:15:19 AM,109
4778,2115,02-05-2023,11:15:19 AM,113
4779,2115,02-05-2023,11:15:19 AM,105
4780,2116,02-05-2023,12:11:52 PM,129
4781,2117,02-05-2023,12:20:33 PM,120
4782,2118,02-05-2023,12:24:57 PM,102
4783,2118,02-05-2023,12:24:57 PM,105
4784,2118,02-05-2023,12:24:57 PM,105
4785,2119,02-05-2023,12:30:46 PM,111
4786,2120,02-05-2023,12:47:12 PM,114
4787,2121,02-05-2023,12:50:51 PM,114
4788,2122,02-05-2023,12:52:55 PM,110
4789,2122,02-05-2023,12:52:55 PM,110
4790,2123,02-05-2023,12:54:56 PM,122
4791,2124,02-05-2023,12:56:27 PM,117
4792,2124,02-05-2023,12:56:27 PM,129
4793,2124,02-05-2023,12:56:27 PM,120
4794,2124,02-05-2023,12:56:27 PM,120
4795,2124,02-05-2023,12:56:27 PM,121
4796,2125,02-05-2023,1:06:10 PM,109
4797,2126,02-05-2023,1:31:29 PM,101
4798,2126,02-05-2023,1:31:29 PM,101
4799,2126,02-05-2023,1:31:29 PM,104
4800,2126,02-05-2023,1:31:29 PM,125
4801,2126,02-05-2023,1:31:29 PM,126
4802,2126,02-05-2023,1:31:29 PM,109
4803,2126,02-05-2023,1:31:29 PM,128
4804,2126,02-05-2023,1:31:29 PM,111
4805,2126,02-05-2023,1:31:29 PM,113
4806,2126,02-05-2023,1:31:29 PM,118
4807,2126,02-05-2023,1:31:29 PM,119
4808,2126,02-05-2023,1:31:29 PM,120
4809,2126,02-05-2023,1:31:29 PM,132
4810,2127,02-05-2023,1:42:16 PM,108
4811,2128,02-05-2023,1:42:50 PM,108
4812,2128,02-05-2023,1:42:50 PM,120
4813,2129,02-05-2023,1:48:38 PM,125
4814,2129,02-05-2023,1:48:38 PM,109
4815,2129,02-05-2023,1:48:38 PM,117
4816,2129,02-05-2023,1:48:38 PM,131
4817,2130,02-05-2023,2:17:14 PM,122
4818,2131,02-05-2023,2:17:24 PM,116
4819,2132,02-05-2023,2:18:04 PM,115
4820,2132,02-05-2023,2:18:04 PM,109
4821,2132,02-05-2023,2:18:04 PM,111
4822,2132,02-05-2023,2:18:04 PM,114
4823,2133,02-05-2023,2:18:52 PM,131
4824,2134,02-05-2023,2:36:32 PM,110
4825,2134,02-05-2023,2:36:32 PM,113
4826,2134,02-05-2023,2:36:32 PM,131
4827,2135,02-05-2023,2:38:28 PM,107
4828,2135,02-05-2023,2:38:28 PM,125
4829,2135,02-05-2023,2:38:28 PM,126
4830,2136,02-05-2023,2:54:49 PM,102
4831,2136,02-05-2023,2:54:49 PM,108
4832,2136,02-05-2023,2:54:49 PM,111
4833,2137,02-05-2023,3:00:15 PM,116
4834,2137,02-05-2023,3:00:15 PM,102
4835,2137,02-05-2023,3:00:15 PM,109
4836,2138,02-05-2023,3:08:13 PM,109
4837,2138,02-05-2023,3:08:13 PM,132
4838,2139,02-05-2023,3:41:58 PM,125
4839,2140,02-05-2023,4:55:35 PM,130
4840,2141,02-05-2023,5:00:13 PM,112
4841,2142,02-05-2023,5:36:09 PM,101
4842,2142,02-05-2023,5:36:09 PM,123
4843,2143,02-05-2023,5:44:52 PM,108
4844,2143,02-05-2023,5:44:52 PM,108
4845,2143,02-05-2023,5:44:52 PM,108
4846,2143,02-05-2023,5:44:52 PM,113
4847,2144,02-05-2023,5:48:08 PM,102
4848,2144,02-05-2023,5:48:08 PM,105
4849,2145,02-05-2023,5:57:12 PM,111
4850,2145,02-05-2023,5:57:12 PM,131
4851,2146,02-05-2023,6:04:19 PM,126
4852,2146,02-05-2023,6:04:19 PM,117
4853,2147,02-05-2023,6:11:25 PM,124
4854,2147,02-05-2023,6:11:25 PM,113
4855,2147,02-05-2023,6:11:25 PM,113
4856,2147,02-05-2023,6:11:25 PM,123
4857,2148,02-05-2023,6:15:37 PM,117
4858,2148,02-05-2023,6:15:37 PM,119
4859,2149,02-05-2023,6:19:51 PM,117
4860,2150,02-05-2023,6:22:25 PM,110
4861,2151,02-05-2023,6:22:28 PM,101
4862,2151,02-05-2023,6:22:28 PM,130
4863,2152,02-05-2023,6:35:11 PM,110
4864,2152,02-05-2023,6:35:11 PM,118
4865,2153,02-05-2023,6:38:01 PM,109
4866,2153,02-05-2023,6:38:01 PM,122
4867,2154,02-05-2023,6:55:27 PM,101
4868,2154,02-05-2023,6:55:27 PM,116
4869,2155,02-05-2023,6:59:56 PM,117
4870,2155,02-05-2023,6:59:56 PM,106
4871,2156,02-05-2023,7:29:29 PM,117
4872,2156,02-05-2023,7:29:29 PM,129
4873,2156,02-05-2023,7:29:29 PM,121
4874,2157,02-05-2023,7:39:29 PM,110
4875,2157,02-05-2023,7:39:29 PM,105
4876,2158,02-05-2023,7:49:47 PM,117
4877,2158,02-05-2023,7:49:47 PM,113
4878,2159,02-05-2023,7:55:12 PM,107
4879,2159,02-05-2023,7:55:12 PM,102
4880,2159,02-05-2023,7:55:12 PM,108
4881,2159,02-05-2023,7:55:12 PM,109
4882,2160,02-05-2023,8:01:50 PM,113
4883,2161,02-05-2023,8:10:24 PM,101
4884,2161,02-05-2023,8:10:24 PM,118
4885,2162,02-05-2023,8:15:06 PM,108
4886,2162,02-05-2023,8:15:06 PM,105
4887,2163,02-05-2023,8:18:08 PM,115
4888,2163,02-05-2023,8:18:08 PM,123
4889,2164,02-05-2023,8:23:49 PM,103
4890,2165,02-05-2023,8:29:51 PM,102
4891,2165,02-05-2023,8:29:51 PM,105
4892,2166,02-05-2023,8:41:36 PM,132
4893,2167,02-05-2023,8:56:14 PM,122
4894,2168,02-05-2023,8:59:08 PM,119
4895,2169,02-05-2023,9:23:02 PM,119
4896,2169,02-05-2023,9:23:02 PM,132
4897,2170,02-05-2023,9:34:23 PM,124
4898,2171,02-05-2023,9:48:24 PM,119
4899,2172,02-05-2023,9:51:44 PM,115
4900,2172,02-05-2023,9:51:44 PM,125
4901,2172,02-05-2023,9:51:44 PM,120
4902,2172,02-05-2023,9:51:44 PM,120
4903,2173,02-05-2023,9:56:42 PM,107
4904,2174,02-05-2023,10:00:17 PM,118
4905,2174,02-05-2023,10:00:17 PM,120
4906,2174,02-05-2023,10:00:17 PM,121
4907,2174,02-05-2023,10:00:17 PM,105
4908,2175,02-06-2023,11:16:08 AM,124
4909,2176,02-06-2023,11:18:53 AM,116
4910,2177,02-06-2023,11:25:48 AM,116
4911,2177,02-06-2023,11:25:48 AM,113
4912,2178,02-06-2023,11:32:25 AM,109
4913,2179,02-06-2023,11:54:09 AM,113
4914,2180,02-06-2023,11:59:14 AM,108
4915,2180,02-06-2023,11:59:14 AM,130
4916,2181,02-06-2023,12:06:15 PM,125
4917,2181,02-06-2023,12:06:15 PM,125
4918,2182,02-06-2023,12:22:30 PM,107
4919,2182,02-06-2023,12:22:30 PM,102
4920,2182,02-06-2023,12:22:30 PM,108
4921,2182,02-06-2023,12:22:30 PM,125
4922,2182,02-06-2023,12:22:30 PM,109
4923,2182,02-06-2023,12:22:30 PM,110
4924,2182,02-06-2023,12:22:30 PM,117
4925,2182,02-06-2023,12:22:30 PM,118
4926,2182,02-06-2023,12:22:30 PM,120
4927,2183,02-06-2023,12:25:17 PM,101
4928,2183,02-06-2023,12:25:17 PM,104
4929,2183,02-06-2023,12:25:17 PM,111
4930,2183,02-06-2023,12:25:17 PM,105
4931,2184,02-06-2023,12:40:25 PM,107
4932,2184,02-06-2023,12:40:25 PM,115
4933,2184,02-06-2023,12:40:25 PM,108
4934,2185,02-06-2023,12:54:25 PM,103
4935,2186,02-06-2023,1:03:16 PM,112
4936,2187,02-06-2023,1:10:13 PM,116
4937,2187,02-06-2023,1:10:13 PM,124
4938,2187,02-06-2023,1:10:13 PM,120
4939,2187,02-06-2023,1:10:13 PM,105
4940,2187,02-06-2023,1:10:13 PM,114
4941,2188,02-06-2023,1:13:33 PM,116
4942,2188,02-06-2023,1:13:33 PM,108
4943,2188,02-06-2023,1:13:33 PM,124
4944,2188,02-06-2023,1:13:33 PM,109
4945,2188,02-06-2023,1:13:33 PM,109
4946,2188,02-06-2023,1:13:33 PM,127
4947,2188,02-06-2023,1:13:33 PM,128
4948,2188,02-06-2023,1:13:33 PM,112
4949,2188,02-06-2023,1:13:33 PM,112
4950,2188,02-06-2023,1:13:33 PM,113
4951,2188,02-06-2023,1:13:33 PM,121
4952,2188,02-06-2023,1:13:33 PM,122
4953,2188,02-06-2023,1:13:33 PM,131
4954,2189,02-06-2023,1:14:59 PM,103
4955,2189,02-06-2023,1:14:59 PM,119
4956,2190,02-06-2023,1:19:45 PM,107
4957,2190,02-06-2023,1:19:45 PM,111
4958,2191,02-06-2023,1:19:59 PM,112
4959,2191,02-06-2023,1:19:59 PM,131
4960,2191,02-06-2023,1:19:59 PM,106
4961,2192,02-06-2023,1:20:41 PM,106
4962,2193,02-06-2023,1:21:21 PM,125
4963,2193,02-06-2023,1:21:21 PM,109
4964,2193,02-06-2023,1:21:21 PM,118
4965,2193,02-06-2023,1:21:21 PM,119
4966,2194,02-06-2023,1:22:11 PM,102
4967,2194,02-06-2023,1:22:11 PM,108
4968,2195,02-06-2023,1:39:29 PM,108
4969,2195,02-06-2023,1:39:29 PM,118
4970,2195,02-06-2023,1:39:29 PM,123
4971,2196,02-06-2023,1:45:32 PM,105
4972,2197,02-06-2023,2:01:18 PM,109
4973,2197,02-06-2023,2:01:18 PM,111
4974,2198,02-06-2023,2:13:09 PM,102
4975,2198,02-06-2023,2:13:09 PM,108
4976,2198,02-06-2023,2:13:09 PM,126
4977,2198,02-06-2023,2:13:09 PM,110
4978,2199,02-06-2023,2:36:06 PM,120
4979,2200,02-06-2023,3:21:45 PM,130
4980,2201,02-06-2023,3:24:02 PM,128
4981,2202,02-06-2023,3:31:14 PM,111
4982,2202,02-06-2023,3:31:14 PM,131
4983,2203,02-06-2023,4:11:41 PM,101
4984,2203,02-06-2023,4:11:41 PM,129
4985,2203,02-06-2023,4:11:41 PM,105
4986,2203,02-06-2023,4:11:41 PM,131
4987,2204,02-06-2023,4:28:46 PM,130
4988,2205,02-06-2023,4:39:28 PM,101
4989,2205,02-06-2023,4:39:28 PM,117
4990,2206,02-06-2023,4:59:29 PM,107
4991,2206,02-06-2023,4:59:29 PM,102
4992,2206,02-06-2023,4:59:29 PM,112
4993,2207,02-06-2023,5:00:57 PM,106
4994,2208,02-06-2023,5:10:44 PM,107
4995,2208,02-06-2023,5:10:44 PM,109
4996,2209,02-06-2023,5:11:37 PM,105
4997,2209,02-06-2023,5:11:37 PM,122
4998,2209,02-06-2023,5:11:37 PM,132
4999,2210,02-06-2023,5:24:07 PM,108
,,,,
,,,,
,,,,
,,,,
,,,,
,,,,
,,,,
,,,,
,,,,
,,,,
,,,,
,,,,
,,,,
,,,,
,,,,
,,,,
,,,,
,,,,
,,,,
,,,,
,,,,
,,,,
,,,,
,,,,
,,,,
,,,,
,,,,
,,,,
,,,,
,,,,
,,,,
,,,,
,,,,
,,,,
,,,,
,,,,
,,,,
,,,,
,,,,
,,,,
,,,,
,,,,
,,,,
,,,,
,,,,
,,,,
,,,,
,,,,
,,,,
,,,,
,,,,
,,,,
,,,,
,,,,
,,,,
,,,,
,,,,
,,,,
,,,,
,,,,
,,,,
,,,,
,,,,
,,,,
,,,,
,,,,
,,,,
,,,,
,,,,
,,,,
,,,,
,,,,
,,,,
,,,,
,,,,
,,,,
,,,,
,,,,
,,,,
,,,,
,,,,
,,,,
,,,,
,,,,
,,,,
,,,,
,,,,
,,,,
,,,,
,,,,
,,,,
,,,,
,,,,
,,,,
,,,,
,,,,
,,,,
,,,,
,,,,
,,,,
,,,,
,,,,
,,,,
,,,,
,,,,
,,,,
,,,,
,,,,
,,,,
,,,,
,,,,
,,,,
,,,,
,,,,
,,,,
,,,,
,,,,
,,,,
,,,,
,,,,
,,,,
,,,,
,,,,
,,,,
,,,,
,,,,
,,,,
,,,,
,,,,
,,,,
,,,,
,,,,
,,,,
,,,,
,,,,
,,,,
,,,,
,,,,
,,,,
,,,,
,,,,
,,,,
,,,,
,,,,
,,,,
,,,,
,,,,
,,,,
,,,,
,,,,
,,,,
,,,,
,,,,
,,,,
,,,,
,,,,
,,,,
,,,,
,,,,
,,,,
,,,,
,,,,
,,,,
,,,,
,,,,
,,,,
,,,,
,,,,
,,,,
,,,,
,,,,
,,,,
,,,,
,,,,
,,,,
,,,,
,,,,
,,,,
,,,,
,,,,
,,,,
,,,,
,,,,
,,,,
,,,,
,,,,
,,,,
,,,,
,,,,
,,,,
,,,,
,,,,
,,,,
,,,,
,,,,
,,,,
,,,,
,,,,
,,,,
,,,,
,,,,
,,,,
,,,,
,,,,
,,,,
,,,,
,,,,
,,,,
,,,,
,,,,
,,,,
,,,,
,,,,
,,,,
,,,,
,,,,
,,,,
,,,,
,,,,
,,,,
,,,,
,,,,
,,,,
,,,,
,,,,
,,,,
,,,,
,,,,
,,,,
,,,,
,,,,
,,,,
,,,,
,,,,
,,,,
,,,,
,,,,
,,,,
,,,,
,,,,
,,,,
,,,,
,,,,
,,,,
,,,,
,,,,
,,,,
,,,,
,,,,
,,,,
,,,,
,,,,
,,,,
,,,,
,,,,
,,,,
,,,,
,,,,
,,,,
,,,,
,,,,
,,,,
,,,,
,,,,
,,,,
,,,,
,,,,
,,,,
,,,,
,,,,
,,,,
,,,,
,,,,
,,,,
,,,,
,,,,
,,,,
,,,,
,,,,
,,,,
,,,,
,,,,
,,,,
,,,,
,,,,
,,,,
,,,,
,,,,
,,,,
,,,,
,,,,
,,,,
,,,,
,,,,
,,,,
,,,,
,,,,
,,,,
,,,,
,,,,
,,,,
,,,,
,,,,
,,,,
,,,,
,,,,
,,,,
,,,,
,,,,
,,,,
,,,,
,,,,
,,,,
,,,,
,,,,
,,,,
,,,,
,,,,
,,,,
,,,,
,,,,
,,,,
,,,,
,,,,
,,,,
,,,,
,,,,
,,,,
,,,,
,,,,
,,,,
,,,,
,,,,
,,,,
,,,,
,,,,
,,,,
,,,,
,,,,
,,,,
,,,,
,,,,
,,,,
,,,,
,,,,
,,,,
,,,,
,,,,
,,,,
,,,,
,,,,
,,,,
,,,,
,,,,
,,,,
,,,,
,,,,
,,,,
,,,,
,,,,
,,,,
,,,,
,,,,
,,,,
,,,,
,,,,
,,,,
,,,,
,,,,
,,,,
,,,,
,,,,
,,,,
,,,,
,,,,
,,,,
,,,,
,,,,
,,,,
,,,,
,,,,
,,,,
,,,,
,,,,
,,,,
,,,,
,,,,
,,,,
,,,,
,,,,
,,,,
,,,,
,,,,
,,,,
,,,,
,,,,
,,,,
,,,,
,,,,
,,,,
,,,,
,,,,
,,,,
,,,,
,,,,
,,,,
,,,,
,,,,
,,,,
,,,,
,,,,
,,,,
,,,,
,,,,
,,,,
,,,,
,,,,
,,,,
,,,,
,,,,
,,,,
,,,,
,,,,
,,,,
,,,,
,,,,
,,,,
,,,,
,,,,
,,,,
,,,,
,,,,
,,,,
,,,,
,,,,
,,,,
,,,,
,,,,
,,,,
,,,,
,,,,
,,,,
,,,,
,,,,
,,,,
,,,,
,,,,
,,,,
,,,,
,,,,
,,,,
,,,,
,,,,
,,,,
,,,,
,,,,
,,,,
,,,,
,,,,
,,,,
,,,,
,,,,
,,,,
,,,,
,,,,
,,,,
,,,,
,,,,
,,,,
,,,,
,,,,
,,,,
,,,,
,,,,
,,,,
,,,,
,,,,
,,,,
,,,,
,,,,
,,,,
,,,,
,,,,
,,,,
,,,,
,,,,
,,,,
,,,,
,,,,
,,,,
,,,,
,,,,
,,,,
,,,,
,,,,
,,,,
,,,,
,,,,
,,,,
,,,,
,,,,
,,,,
,,,,
,,,,
,,,,
,,,,
,,,,
,,,,
,,,,
,,,,
,,,,
,,,,
,,,,
,,,,
,,,,
,,,,
,,,,
,,,,
,,,,
,,,,
,,,,
,,,,
,,,,
,,,,
,,,,
,,,,
,,,,
,,,,
,,,,
,,,,
,,,,
,,,,
,,,,
,,,,
,,,,
,,,,
,,,,
,,,,
,,,,
,,,,
,,,,
,,,,
,,,,
,,,,
,,,,
,,,,
,,,,
,,,,
,,,,
,,,,
,,,,
,,,,
,,,,
,,,,
,,,,
,,,,
,,,,
,,,,
,,,,
,,,,
,,,,
,,,,
,,,,
,,,,
,,,,
,,,,
,,,,
,,,,
,,,,
,,,,
,,,,
,,,,
,,,,
,,,,
,,,,
,,,,
,,,,
,,,,
,,,,
,,,,
,,,,
,,,,
,,,,
,,,,
,,,,
,,,,
,,,,
,,,,
,,,,
,,,,
,,,,
,,,,
,,,,
,,,,
,,,,
,,,,
,,,,
,,,,
,,,,
,,,,
,,,,
,,,,
,,,,
,,,,
,,,,
,,,,
,,,,
,,,,
,,,,
,,,,
,,,,
,,,,
,,,,
,,,,
,,,,
,,,,
,,,,
,,,,
,,,,
,,,,
,,,,
,,,,
,,,,
,,,,
,,,,
,,,,
,,,,
,,,,
,,,,
,,,,
,,,,
,,,,
,,,,
,,,,
,,,,
,,,,
,,,,
,,,,
,,,,
,,,,
,,,,
,,,,
,,,,
,,,,
,,,,
,,,,
,,,,
,,,,
,,,,
,,,,
,,,,
,,,,
,,,,
,,,,
,,,,
,,,,
,,,,
,,,,
,,,,
,,,,
,,,,
,,,,
,,,,
,,,,
,,,,
,,,,
,,,,
,,,,
,,,,
,,,,
,,,,
,,,,
,,,,
,,,,
,,,,
,,,,
,,,,
,,,,
,,,,
,,,,
,,,,
,,,,
,,,,
,,,,
,,,,
,,,,
,,,,
,,,,
,,,,
,,,,
,,,,
,,,,
,,,,
,,,,
,,,,
,,,,
,,,,
,,,,
,,,,
,,,,
,,,,
,,,,
,,,,
,,,,
,,,,
,,,,
,,,,
,,,,
,,,,
,,,,
,,,,
,,,,
,,,,
,,,,
,,,,
,,,,
,,,,
,,,,
,,,,
,,,,
,,,,
,,,,
,,,,
,,,,
,,,,
,,,,
,,,,
,,,,
,,,,
,,,,
,,,,
,,,,
,,,,
,,,,
,,,,
,,,,
,,,,
,,,,
,,,,
,,,,
,,,,
,,,,
,,,,
,,,,
,,,,
,,,,
,,,,
,,,,
,,,,
,,,,
,,,,
,,,,
,,,,
,,,,
,,,,
,,,,
,,,,
,,,,
,,,,
,,,,
,,,,
,,,,
,,,,
,,,,
,,,,
,,,,
,,,,
,,,,
,,,,
,,,,
,,,,
,,,,
,,,,
,,,,
,,,,
,,,,
,,,,
,,,,
,,,,
,,,,
,,,,
,,,,
,,,,
,,,,
,,,,
,,,,
,,,,
,,,,
,,,,
,,,,
,,,,
,,,,
,,,,
,,,,
,,,,
,,,,
,,,,
,,,,
,,,,
,,,,
,,,,
,,,,
,,,,
,,,,
,,,,
,,,,
,,,,
,,,,
,,,,
,,,,
,,,,
,,,,
,,,,
,,,,
,,,,
,,,,
,,,,
,,,,
,,,,
,,,,
,,,,
,,,,
,,,,
,,,,
,,,,
,,,,
,,,,
,,,,
,,,,
,,,,
,,,,
,,,,
,,,,
,,,,
,,,,
,,,,
,,,,
,,,,
,,,,
,,,,
,,,,
,,,,
,,,,
,,,,
,,,,
,,,,
,,,,
,,,,
,,,,
,,,,
,,,,
,,,,
,,,,
,,,,
,,,,
,,,,
,,,,
,,,,
,,,,
,,,,
,,,,
,,,,
,,,,
,,,,
,,,,
,,,,
,,,,
,,,,
,,,,
,,,,
,,,,
,,,,
,,,,
,,,,
,,,,
,,,,
,,,,
,,,,
,,,,
,,,,
,,,,
,,,,
,,,,
,,,,
,,,,
,,,,
,,,,
,,,,
,,,,
,,,,
,,,,
,,,,
,,,,
,,,,
,,,,
,,,,
,,,,
,,,,
,,,,
,,,,
,,,,
,,,,
,,,,
,,,,
,,,,
,,,,
,,,,
,,,,
,,,,
,,,,
,,,,
,,,,
,,,,
,,,,
,,,,
,,,,
,,,,
,,,,
,,,,
,,,,
,,,,
,,,,
,,,,
,,,,
,,,,
,,,,
,,,,
,,,,
,,,,
,,,,
,,,,
,,,,
,,,,
,,,,
,,,,
,,,,
,,,,
,,,,
,,,,
,,,,
,,,,
,,,,
,,,,
,,,,
,,,,
,,,,
,,,,
,,,,
,,,,
,,,,
,,,,
,,,,
,,,,
,,,,
,,,,
,,,,
,,,,
,,,,
,,,,
,,,,
,,,,
,,,,
,,,,
,,,,
,,,,
,,,,
,,,,
,,,,
,,,,
,,,,
,,,,
,,,,
,,,,
,,,,
,,,,
,,,,
,,,,
,,,,
,,,,
,,,,
,,,,
,,,,
,,,,
,,,,
,,,,
,,,,
,,,,
,,,,
,,,,
,,,,
,,,,
,,,,
,,,,
,,,,
,,,,
,,,,
,,,,
,,,,
,,,,
,,,,
,,,,
,,,,
,,,,
,,,,
,,,,
,,,,
,,,,
,,,,
,,,,
,,,,
,,,,
,,,,
,,,,
,,,,
,,,,
,,,,
,,,,
,,,,
,,,,
,,,,
,,,,
,,,,
,,,,
,,,,
,,,,
,,,,
,,,,
,,,,
,,,,
,,,,
,,,,
,,,,
,,,,
,,,,
,,,,
,,,,
,,,,
,,,,
,,,,
,,,,
,,,,
,,,,
,,,,
,,,,
,,,,
,,,,
,,,,
,,,,
,,,,
,,,,
,,,,
,,,,
,,,,
,,,,
,,,,
,,,,
,,,,
,,,,
,,,,
,,,,
,,,,
,,,,
,,,,
,,,,
,,,,
,,,,
,,,,
,,,,
,,,,
,,,,
,,,,
,,,,
,,,,
,,,,
,,,,
,,,,
,,,,
,,,,
,,,,
,,,,
,,,,
,,,,
,,,,
,,,,
,,,,
,,,,
,,,,
,,,,
,,,,
,,,,
,,,,
,,,,
,,,,
,,,,
,,,,
,,,,
,,,,
,,,,
,,,,
,,,,
,,,,
,,,,
,,,,
,,,,
,,,,
,,,,
,,,,
,,,,
,,,,
,,,,
,,,,
,,,,
,,,,
,,,,
,,,,
,,,,
,,,,
,,,,
,,,,
,,,,
,,,,
,,,,
,,,,
,,,,
,,,,
,,,,
,,,,
,,,,
,,,,
,,,,
,,,,
,,,,
,,,,
,,,,
,,,,
,,,,
,,,,
,,,,
,,,,
,,,,
,,,,
,,,,
,,,,
,,,,
,,,,
,,,,
,,,,
,,,,
,,,,
,,,,
,,,,
,,,,
,,,,
,,,,
,,,,
,,,,
,,,,
,,,,
,,,,
,,,,
,,,,
,,,,
,,,,
,,,,
,,,,
,,,,
,,,,
,,,,
,,,,
,,,,
,,,,
,,,,
,,,,
,,,,
,,,,
,,,,
,,,,
,,,,
,,,,
,,,,
,,,,
,,,,
,,,,
,,,,
,,,,
,,,,
,,,,
,,,,
,,,,
,,,,
,,,,
,,,,
,,,,
,,,,
,,,,
,,,,
,,,,
,,,,
,,,,
,,,,
,,,,
,,,,
,,,,
,,,,
,,,,
,,,,
,,,,
,,,,
,,,,
,,,,
,,,,
,,,,
,,,,
,,,,
,,,,
,,,,
,,,,
,,,,
,,,,
,,,,
,,,,
,,,,
,,,,
,,,,
,,,,
,,,,
,,,,
,,,,
,,,,
,,,,
,,,,
,,,,
,,,,
,,,,
,,,,
,,,,
,,,,
,,,,
,,,,
,,,,
,,,,
,,,,
,,,,
,,,,
,,,,
,,,,
,,,,
,,,,
,,,,
,,,,
,,,,
,,,,
,,,,
,,,,
,,,,
,,,,
,,,,
,,,,
,,,,
,,,,
,,,,
,,,,
,,,,
,,,,
,,,,
,,,,
,,,,
,,,,
,,,,
,,,,
,,,,
,,,,
,,,,
,,,,
,,,,
,,,,
,,,,
,,,,
,,,,
,,,,
,,,,
,,,,
,,,,
,,,,
,,,,
,,,,
,,,,
,,,,
,,,,
,,,,
,,,,
,,,,
,,,,
,,,,
,,,,
,,,,
,,,,
,,,,
,,,,
,,,,
,,,,
,,,,
,,,,
,,,,
,,,,
,,,,
,,,,
,,,,
,,,,
,,,,
,,,,
,,,,
,,,,
,,,,
,,,,
,,,,
,,,,
,,,,
,,,,
,,,,
,,,,
,,,,
,,,,
,,,,
,,,,
,,,,
,,,,
,,,,
,,,,
,,,,
,,,,
,,,,
,,,,
,,,,
,,,,
,,,,
,,,,
,,,,
,,,,
,,,,
,,,,
,,,,
,,,,
,,,,
,,,,
,,,,
,,,,
,,,,
,,,,
,,,,
,,,,
,,,,
,,,,
,,,,
,,,,
,,,,
,,,,
,,,,
,,,,
,,,,
,,,,
,,,,
,,,,
,,,,
,,,,
,,,,
,,,,
,,,,
,,,,
,,,,
,,,,
,,,,
,,,,
,,,,
,,,,
,,,,
,,,,
,,,,
,,,,
,,,,
,,,,
,,,,
,,,,
,,,,
,,,,
,,,,
,,,,
,,,,
,,,,
,,,,
,,,,
,,,,
,,,,
,,,,
,,,,
,,,,
,,,,
,,,,
,,,,
,,,,
,,,,
,,,,
,,,,
,,,,
,,,,
,,,,
,,,,
,,,,
,,,,
,,,,
,,,,
,,,,
,,,,
,,,,
,,,,
,,,,
,,,,
,,,,
,,,,
,,,,
,,,,
,,,,
,,,,
,,,,
,,,,
,,,,
,,,,
,,,,
,,,,
,,,,
,,,,
,,,,
,,,,
,,,,
,,,,
,,,,
,,,,
,,,,
,,,,
,,,,
,,,,
,,,,
,,,,
,,,,
,,,,
,,,,
,,,,
,,,,
,,,,
,,,,
,,,,
,,,,
,,,,
,,,,
,,,,
,,,,
,,,,
,,,,
,,,,
,,,,
,,,,
,,,,
,,,,
,,,,
,,,,
,,,,
,,,,
,,,,
,,,,
,,,,
,,,,
,,,,
,,,,
,,,,
,,,,
,,,,
,,,,
,,,,
,,,,
,,,,
,,,,
,,,,
,,,,
,,,,
,,,,
,,,,
,,,,
,,,,
,,,,
,,,,
,,,,
,,,,
,,,,
,,,,
,,,,
,,,,
,,,,
,,,,
,,,,
,,,,
,,,,
,,,,
,,,,
,,,,
,,,,
,,,,
,,,,
,,,,
,,,,
,,,,
,,,,
,,,,
,,,,
,,,,
,,,,
,,,,
,,,,
,,,,
,,,,
,,,,
,,,,
,,,,
,,,,
,,,,
,,,,
,,,,
,,,,
,,,,
,,,,
,,,,
,,,,
,,,,
,,,,
,,,,
,,,,
,,,,
,,,,
,,,,
,,,,
,,,,
,,,,
,,,,
,,,,
,,,,
,,,,
,,,,
,,,,
,,,,
,,,,
,,,,
,,,,
,,,,
,,,,
,,,,
,,,,
,,,,
,,,,
,,,,
,,,,
,,,,
,,,,
,,,,
,,,,
,,,,
,,,,
,,,,
,,,,
,,,,
,,,,
,,,,
,,,,
,,,,
,,,,
,,,,
,,,,
,,,,
,,,,
,,,,
,,,,
,,,,
,,,,
,,,,
,,,,
,,,,
,,,,
,,,,
,,,,
,,,,
,,,,
,,,,
,,,,
,,,,
,,,,
,,,,
,,,,
,,,,
,,,,
,,,,
,,,,
,,,,
,,,,
,,,,
,,,,
,,,,
,,,,
,,,,
,,,,
,,,,
,,,,
,,,,
,,,,
,,,,
,,,,
,,,,
,,,,
,,,,
,,,,
,,,,
,,,,
,,,,
,,,,
,,,,
,,,,
,,,,
,,,,
,,,,
,,,,
,,,,
,,,,
,,,,
,,,,
,,,,
,,,,
,,,,
,,,,
,,,,
,,,,
,,,,
,,,,
,,,,
,,,,
,,,,
,,,,
,,,,
,,,,
,,,,
,,,,
,,,,
,,,,
,,,,
,,,,
,,,,
,,,,
,,,,
,,,,
,,,,
,,,,
,,,,
,,,,
,,,,
,,,,
,,,,
,,,,
,,,,
,,,,
,,,,
,,,,
,,,,
,,,,
,,,,
,,,,
,,,,
,,,,
,,,,
,,,,
,,,,
,,,,
,,,,
,,,,
,,,,
,,,,
,,,,
,,,,
,,,,
,,,,
,,,,
,,,,
,,,,
,,,,
,,,,
,,,,
,,,,
,,,,
,,,,
,,,,
,,,,
,,,,
,,,,
,,,,
,,,,
,,,,
,,,,
,,,,
,,,,
,,,,
,,,,
,,,,
,,,,
,,,,
,,,,
,,,,
,,,,
,,,,
,,,,
,,,,
,,,,
,,,,
,,,,
,,,,
,,,,
,,,,
,,,,
,,,,
,,,,
,,,,
,,,,
,,,,
,,,,
,,,,
,,,,
,,,,
,,,,
,,,,
,,,,
,,,,
,,,,
,,,,
,,,,
,,,,
,,,,
,,,,
,,,,
,,,,
,,,,
,,,,
,,,,
,,,,
,,,,
,,,,
,,,,
,,,,
,,,,
,,,,
,,,,
,,,,
,,,,
,,,,
,,,,
,,,,
,,,,
,,,,
,,,,
,,,,
,,,,
,,,,
,,,,
,,,,
,,,,
,,,,
,,,,
,,,,
,,,,
,,,,
,,,,
,,,,
,,,,
,,,,
,,,,
,,,,
,,,,
,,,,
,,,,
,,,,
,,,,
,,,,
,,,,
,,,,
,,,,
,,,,
,,,,
,,,,
,,,,
,,,,
,,,,
,,,,
,,,,
,,,,
,,,,
,,,,
,,,,
,,,,
,,,,
,,,,
,,,,
,,,,
,,,,
,,,,
,,,,
,,,,
,,,,
,,,,
,,,,
,,,,
,,,,
,,,,
,,,,
,,,,
,,,,
,,,,
,,,,
,,,,
,,,,
,,,,
,,,,
,,,,
,,,,
,,,,
,,,,
,,,,
,,,,
,,,,
,,,,
,,,,
,,,,
,,,,
,,,,
,,,,
,,,,
,,,,
,,,,
,,,,
,,,,
,,,,
,,,,
,,,,
,,,,
,,,,
,,,,
,,,,
,,,,
,,,,
,,,,
,,,,
,,,,
,,,,
,,,,
,,,,
,,,,
,,,,
,,,,
,,,,
,,,,
,,,,
,,,,
,,,,
,,,,
,,,,
,,,,
,,,,
,,,,
,,,,
,,,,
,,,,
,,,,
,,,,
,,,,
,,,,
,,,,
,,,,
,,,,
,,,,
,,,,
,,,,
,,,,
,,,,
,,,,
,,,,
,,,,
,,,,
,,,,
,,,,
,,,,
,,,,
,,,,
,,,,
,,,,
,,,,
,,,,
,,,,
,,,,
,,,,
,,,,
,,,,
,,,,
,,,,
,,,,
,,,,
,,,,
,,,,
,,,,
,,,,
,,,,
,,,,
,,,,
,,,,
,,,,
,,,,
,,,,
,,,,
,,,,
,,,,
,,,,
,,,,
,,,,
,,,,
,,,,
,,,,
,,,,
,,,,
,,,,
,,,,
,,,,
,,,,
,,,,
,,,,
,,,,
,,,,
,,,,
,,,,
,,,,
,,,,
,,,,
,,,,
,,,,
,,,,
,,,,
,,,,
,,,,
,,,,
,,,,
,,,,
,,,,
,,,,
,,,,
,,,,
,,,,
,,,,
,,,,
,,,,
,,,,
,,,,
,,,,
,,,,
,,,,
,,,,
,,,,
,,,,
,,,,
,,,,
,,,,
,,,,
,,,,
,,,,
,,,,
,,,,
,,,,
,,,,
,,,,
,,,,
,,,,
,,,,
,,,,
,,,,
,,,,
,,,,
,,,,
,,,,
,,,,
,,,,
,,,,
,,,,
,,,,
,,,,
,,,,
,,,,
,,,,
,,,,
,,,,
,,,,
,,,,
,,,,
,,,,
,,,,
,,,,
,,,,
,,,,
,,,,
,,,,
,,,,
,,,,
,,,,
,,,,
,,,,
,,,,
,,,,
,,,,
,,,,
,,,,
,,,,
,,,,
,,,,
,,,,
,,,,
,,,,
,,,,
,,,,
,,,,
,,,,
,,,,
,,,,
,,,,
,,,,
,,,,
,,,,
,,,,
,,,,
,,,,
,,,,
,,,,
,,,,
,,,,
,,,,
,,,,
,,,,
,,,,
,,,,
,,,,
,,,,
,,,,
,,,,
,,,,
,,,,
,,,,
,,,,
,,,,
,,,,
,,,,
,,,,
,,,,
,,,,
,,,,
,,,,
,,,,
,,,,
,,,,
,,,,
,,,,
,,,,
,,,,
,,,,
,,,,
,,,,
,,,,
,,,,
,,,,
,,,,
,,,,
,,,,
,,,,
,,,,
,,,,
,,,,
,,,,
,,,,
,,,,
,,,,
,,,,
,,,,
,,,,
,,,,
,,,,
,,,,
,,,,
,,,,
,,,,
,,,,
,,,,
,,,,
,,,,
,,,,
,,,,
,,,,
,,,,
,,,,
,,,,
,,,,
,,,,
,,,,
,,,,
,,,,
,,,,
,,,,
,,,,
,,,,
,,,,
,,,,
,,,,
,,,,
,,,,
,,,,
,,,,
,,,,
,,,,
,,,,
,,,,
,,,,
,,,,
,,,,
,,,,
,,,,
,,,,
,,,,
,,,,
,,,,
,,,,
,,,,
,,,,
,,,,
,,,,
,,,,
,,,,
,,,,
,,,,
,,,,
,,,,
,,,,
,,,,
,,,,
,,,,
,,,,
,,,,
,,,,
,,,,
,,,,
,,,,
,,,,
,,,,
,,,,
,,,,
,,,,
,,,,
,,,,
,,,,
,,,,
,,,,
,,,,
,,,,
,,,,
,,,,
,,,,
,,,,
,,,,
,,,,
,,,,
,,,,
,,,,
,,,,
,,,,
,,,,
,,,,
,,,,
,,,,
,,,,
,,,,
,,,,
,,,,
,,,,
,,,,
,,,,
,,,,
,,,,
,,,,
,,,,
,,,,
,,,,
,,,,
,,,,
,,,,
,,,,
,,,,
,,,,
,,,,
,,,,
,,,,
,,,,
,,,,
,,,,
,,,,
,,,,
,,,,
,,,,
,,,,
,,,,
,,,,
,,,,
,,,,
,,,,
,,,,
,,,,
,,,,
,,,,
,,,,
,,,,
,,,,
,,,,
,,,,
,,,,
,,,,
,,,,
,,,,
,,,,
,,,,
,,,,
,,,,
,,,,
,,,,
,,,,
,,,,
,,,,
,,,,
,,,,
,,,,
,,,,
,,,,
,,,,
,,,,
,,,,
,,,,
,,,,
,,,,
,,,,
,,,,
,,,,
,,,,
,,,,
,,,,
,,,,
,,,,
,,,,
,,,,
,,,,
,,,,
,,,,
,,,,
,,,,
,,,,
,,,,
,,,,
,,,,
,,,,
,,,,
,,,,
,,,,
,,,,
,,,,
,,,,
,,,,
,,,,
,,,,
,,,,
,,,,
,,,,
,,,,
,,,,
,,,,
,,,,
,,,,
,,,,
,,,,
,,,,
,,,,
,,,,
,,,,
,,,,
,,,,
,,,,
,,,,
,,,,
,,,,
,,,,
,,,,
,,,,
,,,,
,,,,
,,,,
,,,,
,,,,
,,,,
,,,,
,,,,
,,,,
,,,,
,,,,
,,,,
,,,,
,,,,
,,,,
,,,,
,,,,
,,,,
,,,,
,,,,
,,,,
,,,,
,,,,
,,,,
,,,,
,,,,
,,,,
,,,,
,,,,
,,,,
,,,,
,,,,
,,,,
,,,,
,,,,
,,,,
,,,,
,,,,
,,,,
,,,,
,,,,
,,,,
,,,,
,,,,
,,,,
,,,,
,,,,
,,,,
,,,,
,,,,
,,,,
,,,,
,,,,
,,,,
,,,,
,,,,
,,,,
,,,,
,,,,
,,,,
,,,,
,,,,
,,,,
,,,,
,,,,
,,,,
,,,,
,,,,
,,,,
,,,,
,,,,
,,,,
,,,,
,,,,
,,,,
,,,,
,,,,
,,,,
,,,,
,,,,
,,,,
,,,,
,,,,
,,,,
,,,,
,,,,
,,,,
,,,,
,,,,
,,,,
,,,,
,,,,
,,,,
,,,,
,,,,
,,,,
,,,,
,,,,
,,,,
,,,,
,,,,
,,,,
,,,,
,,,,
,,,,
,,,,
,,,,
,,,,
,,,,
,,,,
,,,,
,,,,
,,,,
,,,,
,,,,
,,,,
,,,,
,,,,
,,,,
,,,,
,,,,
,,,,
,,,,
,,,,
,,,,
,,,,
,,,,
,,,,
,,,,
,,,,
,,,,
,,,,
,,,,
,,,,
,,,,
,,,,
,,,,
,,,,
,,,,
,,,,
,,,,
,,,,
,,,,
,,,,
,,,,
,,,,
,,,,
,,,,
,,,,
,,,,
,,,,
,,,,
,,,,
,,,,
,,,,
,,,,
,,,,
,,,,
,,,,
,,,,
,,,,
,,,,
,,,,
,,,,
,,,,
,,,,
,,,,
,,,,
,,,,
,,,,
,,,,
,,,,
,,,,
,,,,
,,,,
,,,,
,,,,
,,,,
,,,,
,,,,
,,,,
,,,,
,,,,
,,,,
,,,,
,,,,
,,,,
,,,,
,,,,
,,,,
,,,,
,,,,
,,,,
,,,,
,,,,
,,,,
,,,,
,,,,
,,,,
,,,,
,,,,
,,,,
,,,,
,,,,
,,,,
,,,,
,,,,
,,,,
,,,,
,,,,
,,,,
,,,,
,,,,
,,,,
,,,,
,,,,
,,,,
,,,,
,,,,
,,,,
,,,,
,,,,
,,,,
,,,,
,,,,
,,,,
,,,,
,,,,
,,,,
,,,,
,,,,
,,,,
,,,,
,,,,
,,,,
,,,,
,,,,
,,,,
,,,,
,,,,
,,,,
,,,,
,,,,
,,,,
,,,,
,,,,
,,,,
,,,,
,,,,
,,,,
,,,,
,,,,
,,,,
,,,,
,,,,
,,,,
,,,,
,,,,
,,,,
,,,,
,,,,
,,,,
,,,,
,,,,
,,,,
,,,,
,,,,
,,,,
,,,,
,,,,
,,,,
,,,,
,,,,
,,,,
,,,,
,,,,
,,,,
,,,,
,,,,
,,,,
,,,,
,,,,
,,,,
,,,,
,,,,
,,,,
,,,,
,,,,
,,,,
,,,,
,,,,
,,,,
,,,,
,,,,
,,,,
,,,,
,,,,
,,,,
,,,,
,,,,
,,,,
,,,,
,,,,
,,,,
,,,,
,,,,
,,,,
,,,,
,,,,
,,,,
,,,,
,,,,
,,,,
,,,,
,,,,
,,,,
,,,,
,,,,
,,,,
,,,,
,,,,
,,,,
,,,,
,,,,
,,,,
,,,,
,,,,
,,,,
,,,,
,,,,
,,,,
,,,,
,,,,
,,,,
,,,,
,,,,
,,,,
,,,,
,,,,
,,,,
,,,,
,,,,
,,,,
,,,,
,,,,
,,,,
,,,,
,,,,
,,,,
,,,,
,,,,
,,,,
,,,,
,,,,
,,,,
,,,,
,,,,
,,,,
,,,,
,,,,
,,,,
,,,,
,,,,
,,,,
,,,,
,,,,
,,,,
,,,,
,,,,
,,,,
,,,,
,,,,
,,,,
,,,,
,,,,
,,,,
,,,,
,,,,
,,,,
,,,,
,,,,
,,,,
,,,,
,,,,
,,,,
,,,,
,,,,
,,,,
,,,,
,,,,
,,,,
,,,,
,,,,
,,,,
,,,,
,,,,
,,,,
,,,,
,,,,
,,,,
,,,,
,,,,
,,,,
,,,,
,,,,
,,,,
,,,,
,,,,
,,,,
,,,,
,,,,
,,,,
,,,,
,,,,
,,,,
,,,,
,,,,
,,,,
,,,,
,,,,
,,,,
,,,,
,,,,
,,,,
,,,,
,,,,
,,,,
,,,,
,,,,
,,,,
,,,,
,,,,
,,,,
,,,,
,,,,
,,,,
,,,,
,,,,
,,,,
,,,,
,,,,
,,,,
,,,,
,,,,
,,,,
,,,,
,,,,
,,,,
,,,,
,,,,
,,,,
,,,,
,,,,
,,,,
,,,,
,,,,
,,,,
,,,,
,,,,
,,,,
,,,,
,,,,
,,,,
,,,,
,,,,
,,,,
,,,,
,,,,
,,,,
,,,,
,,,,
,,,,
,,,,
,,,,
,,,,
,,,,
,,,,
,,,,
,,,,
,,,,
,,,,
,,,,
,,,,
,,,,
,,,,
,,,,
,,,,
,,,,
,,,,
,,,,
,,,,
,,,,
,,,,
,,,,
,,,,
,,,,
,,,,
,,,,
,,,,
,,,,
,,,,
,,,,
,,,,
,,,,
,,,,
,,,,
,,,,
,,,,
,,,,
,,,,
,,,,
,,,,
,,,,
,,,,
,,,,
,,,,
,,,,
,,,,
,,,,
,,,,
,,,,
,,,,
,,,,
,,,,
,,,,
,,,,
,,,,
,,,,
,,,,
,,,,
,,,,
,,,,
,,,,
,,,,
,,,,
,,,,
,,,,
,,,,
,,,,
,,,,
,,,,
,,,,
,,,,
,,,,
,,,,
,,,,
,,,,
,,,,
,,,,
,,,,
,,,,
,,,,
,,,,
,,,,
,,,,
,,,,
,,,,
,,,,
,,,,
,,,,
,,,,
,,,,
,,,,
,,,,
,,,,
,,,,
,,,,
,,,,
,,,,
,,,,
,,,,
,,,,
,,,,
,,,,
,,,,
,,,,
,,,,
,,,,
,,,,
,,,,
,,,,
,,,,
,,,,
,,,,
,,,,
,,,,
,,,,
,,,,
,,,,
,,,,
,,,,
,,,,
,,,,
,,,,
,,,,
,,,,
,,,,
,,,,
,,,,
,,,,
,,,,
,,,,
,,,,
,,,,
,,,,
,,,,
,,,,
,,,,
,,,,
,,,,
,,,,
,,,,
,,,,
,,,,
,,,,
,,,,
,,,,
,,,,
,,,,
,,,,
,,,,
,,,,
,,,,
,,,,
,,,,
,,,,
,,,,
,,,,
,,,,
,,,,
,,,,
,,,,
,,,,
,,,,
,,,,
,,,,
,,,,
,,,,
,,,,
,,,,
,,,,
,,,,
,,,,
,,,,
,,,,
,,,,
,,,,
,,,,
,,,,
,,,,
,,,,
,,,,
,,,,
,,,,
,,,,
,,,,
,,,,
,,,,
,,,,
,,,,
,,,,
,,,,
,,,,
,,,,
,,,,
,,,,
,,,,
,,,,
,,,,
,,,,
,,,,
,,,,
,,,,
,,,,
,,,,
,,,,
,,,,
,,,,
,,,,
,,,,
,,,,
,,,,
,,,,
,,,,
,,,,
,,,,
,,,,
,,,,
,,,,
,,,,
,,,,
,,,,
,,,,
,,,,
,,,,
,,,,
,,,,
,,,,
,,,,
,,,,
,,,,
,,,,
,,,,
,,,,
,,,,
,,,,
,,,,
,,,,
,,,,
,,,,
,,,,
,,,,
,,,,
,,,,
,,,,
,,,,
,,,,
,,,,
,,,,
,,,,
,,,,
,,,,
,,,,
,,,,
,,,,
,,,,
,,,,
,,,,
,,,,
,,,,
,,,,
,,,,
,,,,
,,,,
,,,,
,,,,
,,,,
,,,,
,,,,
,,,,
,,,,
,,,,
,,,,
,,,,
,,,,
,,,,
,,,,
,,,,
,,,,
,,,,
,,,,
,,,,
,,,,
,,,,
,,,,
,,,,
,,,,
,,,,
,,,,
,,,,
,,,,
,,,,
,,,,
,,,,
,,,,
,,,,
,,,,
,,,,
,,,,
,,,,
,,,,
,,,,
,,,,
,,,,
,,,,
,,,,
,,,,
,,,,
,,,,
,,,,
,,,,
,,,,
,,,,
,,,,
,,,,
,,,,
,,,,
,,,,
,,,,
,,,,
,,,,
,,,,
,,,,
,,,,
,,,,
,,,,
,,,,
,,,,
,,,,
,,,,
,,,,
,,,,
,,,,
,,,,
,,,,
,,,,
,,,,
,,,,
,,,,
,,,,
,,,,
,,,,
,,,,
,,,,
,,,,
,,,,
,,,,
,,,,
,,,,
,,,,
,,,,
,,,,
,,,,
,,,,
,,,,
,,,,
,,,,
,,,,
,,,,
,,,,
,,,,
,,,,
,,,,
,,,,
,,,,
,,,,
,,,,
,,,,
,,,,
,,,,
,,,,
,,,,
,,,,
,,,,
,,,,
,,,,
,,,,
,,,,
,,,,
,,,,
,,,,
,,,,
,,,,
,,,,
,,,,
,,,,
,,,,
,,,,
,,,,
,,,,
,,,,
,,,,
,,,,
,,,,
,,,,
,,,,
,,,,
,,,,
,,,,
,,,,
,,,,
,,,,
,,,,
,,,,
,,,,
,,,,
,,,,
,,,,
,,,,
,,,,
,,,,
,,,,
,,,,
,,,,
,,,,
,,,,
,,,,
,,,,
,,,,
,,,,
,,,,
,,,,
,,,,
,,,,
,,,,
,,,,
,,,,
,,,,
,,,,
,,,,
,,,,
,,,,
,,,,
,,,,
,,,,
,,,,
,,,,
,,,,
,,,,
,,,,
,,,,
,,,,
,,,,
,,,,
,,,,
,,,,
,,,,
,,,,
,,,,
,,,,
,,,,
,,,,
,,,,
,,,,
,,,,
,,,,
,,,,
,,,,
,,,,
,,,,
,,,,
,,,,
,,,,
,,,,
,,,,
,,,,
,,,,
,,,,
,,,,
,,,,
,,,,
,,,,
,,,,
,,,,
,,,,
,,,,
,,,,
,,,,
,,,,
,,,,
,,,,
,,,,
,,,,
,,,,
,,,,
,,,,
,,,,
,,,,
,,,,
,,,,
,,,,
,,,,
,,,,
,,,,
,,,,
,,,,
,,,,
,,,,
,,,,
,,,,
,,,,
,,,,
,,,,
,,,,
,,,,
,,,,
,,,,
,,,,
,,,,
,,,,
,,,,
,,,,
,,,,
,,,,
,,,,
,,,,
,,,,
,,,,
,,,,
,,,,
,,,,
,,,,
,,,,
,,,,
,,,,
,,,,
,,,,
,,,,
,,,,
,,,,
,,,,
,,,,
,,,,
,,,,
,,,,
,,,,
,,,,
,,,,
,,,,
,,,,
,,,,
,,,,
,,,,
,,,,
,,,,
,,,,
,,,,
,,,,
,,,,
,,,,
,,,,
,,,,
,,,,
,,,,
,,,,
,,,,
,,,,
,,,,
,,,,
,,,,
,,,,
,,,,
,,,,
,,,,
,,,,
,,,,
,,,,
,,,,
,,,,
,,,,
,,,,
,,,,
,,,,
,,,,
,,,,
,,,,
,,,,
,,,,
,,,,
,,,,
,,,,
,,,,
,,,,
,,,,
,,,,
,,,,
,,,,
,,,,
,,,,
,,,,
,,,,
,,,,
,,,,
,,,,
,,,,
,,,,
,,,,
,,,,
,,,,
,,,,
,,,,
,,,,
,,,,
,,,,
,,,,
,,,,
,,,,
,,,,
,,,,
,,,,
,,,,
,,,,
,,,,
,,,,
,,,,
,,,,
,,,,
,,,,
,,,,
,,,,
,,,,
,,,,
,,,,
,,,,
,,,,
,,,,
,,,,
,,,,
,,,,
,,,,
,,,,
,,,,
,,,,
,,,,
,,,,
,,,,
,,,,
,,,,
,,,,
,,,,
,,,,
,,,,
,,,,
,,,,
,,,,
,,,,
,,,,
,,,,
,,,,
,,,,
,,,,
,,,,
,,,,
,,,,
,,,,
,,,,
,,,,
,,,,
,,,,
,,,,
,,,,
,,,,
,,,,
,,,,
,,,,
,,,,
,,,,
,,,,
,,,,
,,,,
,,,,
,,,,
,,,,
,,,,
,,,,
,,,,
,,,,
,,,,
,,,,
,,,,
,,,,
,,,,
,,,,
,,,,
,,,,
,,,,
,,,,
,,,,
,,,,
,,,,
,,,,
,,,,
,,,,
,,,,
,,,,
,,,,
,,,,
,,,,
,,,,
,,,,
,,,,
,,,,
,,,,
,,,,
,,,,
,,,,
,,,,
,,,,
,,,,
,,,,
,,,,
,,,,
,,,,
,,,,
,,,,
,,,,
,,,,
,,,,
,,,,
,,,,
,,,,
,,,,
,,,,
,,,,
,,,,
,,,,
,,,,
,,,,
,,,,
,,,,
,,,,
,,,,
,,,,
,,,,
,,,,
,,,,
,,,,
,,,,
,,,,
,,,,
,,,,
,,,,
,,,,
,,,,
,,,,
,,,,
,,,,
,,,,
,,,,
,,,,
,,,,
,,,,
,,,,
,,,,
,,,,
,,,,
,,,,
,,,,
,,,,
,,,,
,,,,
,,,,
,,,,
,,,,
,,,,
,,,,
,,,,
,,,,
,,,,
,,,,
,,,,
,,,,
,,,,
,,,,
,,,,
,,,,
,,,,
,,,,
,,,,
,,,,
,,,,
,,,,
,,,,
,,,,
,,,,
,,,,
,,,,
,,,,
,,,,
,,,,
,,,,
,,,,
,,,,
,,,,
,,,,
,,,,
,,,,
,,,,
,,,,
,,,,
,,,,
,,,,
,,,,
,,,,
,,,,
,,,,
,,,,
,,,,
,,,,
,,,,
,,,,
,,,,
,,,,
,,,,
,,,,
,,,,
,,,,
,,,,
,,,,
,,,,
,,,,
,,,,
,,,,
,,,,
,,,,
,,,,
,,,,
,,,,
,,,,
,,,,
,,,,
,,,,
,,,,
,,,,
,,,,
,,,,
,,,,
,,,,
,,,,
,,,,
,,,,
,,,,
,,,,
,,,,
,,,,
,,,,
,,,,
,,,,
,,,,
,,,,
,,,,
,,,,
,,,,
,,,,
,,,,
,,,,
,,,,
,,,,
,,,,
,,,,
,,,,
,,,,
,,,,
,,,,
,,,,
,,,,
,,,,
,,,,
,,,,
,,,,
,,,,
,,,,
,,,,
,,,,
,,,,
,,,,
,,,,
,,,,
,,,,
,,,,
,,,,
,,,,
,,,,
,,,,
,,,,
,,,,
,,,,
,,,,
,,,,
,,,,
,,,,
,,,,
,,,,
,,,,
,,,,
,,,,
,,,,
,,,,
,,,,
,,,,
,,,,
,,,,
,,,,
,,,,
,,,,
,,,,
,,,,
,,,,
,,,,
,,,,
,,,,
,,,,
,,,,
,,,,
,,,,
,,,,
,,,,
,,,,
,,,,
,,,,
,,,,
,,,,
,,,,
,,,,
,,,,
,,,,
,,,,
,,,,
,,,,
,,,,
,,,,
,,,,
,,,,
,,,,
,,,,
,,,,
,,,,
,,,,
,,,,
,,,,
,,,,
,,,,
,,,,
,,,,
,,,,
,,,,
,,,,
,,,,
,,,,
,,,,
,,,,
,,,,
,,,,
,,,,
,,,,
,,,,
,,,,
,,,,
,,,,
,,,,
,,,,
,,,,
,,,,
,,,,
,,,,
,,,,
,,,,
,,,,
,,,,
,,,,
,,,,
,,,,
,,,,
,,,,
,,,,
,,,,
,,,,
,,,,
,,,,
,,,,
,,,,
,,,,
,,,,
,,,,
,,,,
,,,,
,,,,
,,,,
,,,,
,,,,
,,,,
,,,,
,,,,
,,,,
,,,,
,,,,
,,,,
,,,,
,,,,
,,,,
,,,,
,,,,
,,,,
,,,,
,,,,
,,,,
,,,,
,,,,
,,,,
,,,,
,,,,
,,,,
,,,,
,,,,
,,,,
,,,,
,,,,
,,,,
,,,,
,,,,
,,,,
,,,,
,,,,
,,,,
,,,,
,,,,
,,,,
,,,,
,,,,
,,,,
,,,,
,,,,
,,,,
,,,,
,,,,
,,,,
,,,,
,,,,
,,,,
,,,,
,,,,
,,,,
,,,,
,,,,
,,,,
,,,,
,,,,
,,,,
,,,,
,,,,
,,,,
,,,,
,,,,
,,,,
,,,,
,,,,
,,,,
,,,,
,,,,
,,,,
,,,,
,,,,
,,,,
,,,,
,,,,
,,,,
,,,,
,,,,
,,,,
,,,,
,,,,
,,,,
,,,,
,,,,
,,,,
,,,,
,,,,
,,,,
,,,,
,,,,
,,,,
,,,,
,,,,
,,,,
,,,,
,,,,
,,,,
,,,,
,,,,
,,,,
,,,,
,,,,
,,,,
,,,,
,,,,
,,,,
,,,,
,,,,
,,,,
,,,,
,,,,
,,,,
,,,,
,,,,
,,,,
,,,,
,,,,
,,,,
,,,,
,,,,
,,,,
,,,,
,,,,
,,,,
,,,,
,,,,
,,,,
,,,,
,,,,
,,,,
,,,,
,,,,
,,,,
,,,,
,,,,
,,,,
,,,,
,,,,
,,,,
,,,,
,,,,
,,,,
,,,,
,,,,
,,,,
,,,,
,,,,
,,,,
,,,,
,,,,
,,,,
,,,,
,,,,
,,,,
,,,,
,,,,
,,,,
,,,,
,,,,
,,,,
,,,,
,,,,
,,,,
,,,,
,,,,
,,,,
,,,,
,,,,
,,,,
,,,,
,,,,
,,,,
,,,,
,,,,
,,,,
,,,,
,,,,
,,,,
,,,,
,,,,
,,,,
,,,,
,,,,
,,,,
,,,,
,,,,
,,,,
,,,,
,,,,
,,,,
,,,,
,,,,
,,,,
,,,,
,,,,
,,,,
,,,,
,,,,
,,,,
,,,,
,,,,
,,,,
,,,,
,,,,
,,,,
,,,,
,,,,
,,,,
,,,,
,,,,
,,,,
,,,,
,,,,
,,,,
,,,,
,,,,
,,,,
,,,,
,,,,
,,,,
,,,,
,,,,
,,,,
,,,,
,,,,
,,,,
,,,,
,,,,
,,,,
,,,,
,,,,
,,,,
,,,,
,,,,
,,,,
,,,,
,,,,
,,,,
,,,,
,,,,
,,,,
,,,,
,,,,
,,,,
,,,,
,,,,
,,,,
,,,,
,,,,
,,,,
,,,,
,,,,
,,,,
,,,,
,,,,
,,,,
,,,,
,,,,
,,,,
,,,,
,,,,
,,,,
,,,,
,,,,
,,,,
,,,,
,,,,
,,,,
,,,,
,,,,
,,,,
,,,,
,,,,
,,,,
,,,,
,,,,
,,,,
,,,,
,,,,
,,,,
,,,,
,,,,
,,,,
,,,,
,,,,
,,,,
,,,,
,,,,
,,,,
,,,,
,,,,
,,,,
,,,,
,,,,
,,,,
,,,,
,,,,
,,,,
,,,,
,,,,
,,,,
,,,,
,,,,
,,,,
,,,,
,,,,
,,,,
,,,,
,,,,
,,,,
,,,,
,,,,
,,,,
,,,,
,,,,
,,,,
,,,,
,,,,
,,,,
,,,,
,,,,
,,,,
,,,,
,,,,
,,,,
,,,,
,,,,
,,,,
,,,,
,,,,
,,,,
,,,,
,,,,
,,,,
,,,,
,,,,
,,,,
,,,,
,,,,
,,,,
,,,,
,,,,
,,,,
,,,,
,,,,
,,,,
,,,,
,,,,
,,,,
,,,,
,,,,
,,,,
,,,,
,,,,
,,,,
,,,,
,,,,
,,,,
,,,,
,,,,
,,,,
,,,,
,,,,
,,,,
,,,,
,,,,
,,,,
,,,,
,,,,
,,,,
,,,,
,,,,
,,,,
,,,,
,,,,
,,,,
,,,,
,,,,
,,,,
,,,,
,,,,
,,,,
,,,,
,,,,
,,,,
,,,,
,,,,
,,,,
,,,,
,,,,
,,,,
,,,,
,,,,
,,,,
,,,,
,,,,
,,,,
,,,,
,,,,
,,,,
,,,,
,,,,
,,,,
,,,,
,,,,
,,,,
,,,,
,,,,
,,,,
,,,,
,,,,
,,,,
,,,,
,,,,
,,,,
,,,,
,,,,
,,,,
,,,,
,,,,
,,,,
,,,,
,,,,
,,,,
,,,,
,,,,
,,,,
,,,,
,,,,
,,,,
,,,,
,,,,
,,,,
,,,,
,,,,
,,,,
,,,,
,,,,
,,,,
,,,,
,,,,
,,,,
,,,,
,,,,
,,,,
,,,,
,,,,
,,,,
,,,,
,,,,
,,,,
,,,,
,,,,
,,,,
,,,,
,,,,
,,,,
,,,,
,,,,
,,,,
,,,,
,,,,
,,,,
,,,,
,,,,
,,,,
,,,,
,,,,
,,,,
,,,,
,,,,
,,,,
,,,,
,,,,
,,,,
,,,,
,,,,
,,,,
,,,,
,,,,
,,,,
,,,,
,,,,
,,,,
,,,,
,,,,
,,,,
,,,,
,,,,
,,,,
,,,,
,,,,
,,,,
,,,,
,,,,
,,,,
,,,,
,,,,
,,,,
,,,,
,,,,
,,,,
,,,,
,,,,
,,,,
,,,,
,,,,
,,,,
,,,,
,,,,
,,,,
,,,,
,,,,
,,,,
,,,,
,,,,
,,,,
,,,,
,,,,
,,,,
,,,,
,,,,
,,,,
,,,,
,,,,
,,,,
,,,,
,,,,
,,,,
,,,,
,,,,
,,,,
,,,,
,,,,
,,,,
,,,,
,,,,
,,,,
,,,,
,,,,
,,,,
,,,,
,,,,
,,,,
,,,,
,,,,
,,,,
,,,,
,,,,
,,,,
,,,,
,,,,
,,,,
,,,,
,,,,
,,,,
,,,,
,,,,
,,,,
,,,,
,,,,
,,,,
,,,,
,,,,
,,,,
,,,,
,,,,
,,,,
,,,,
,,,,
,,,,
,,,,
,,,,
,,,,
,,,,
,,,,
,,,,
,,,,
,,,,
,,,,
,,,,
,,,,
,,,,
,,,,
,,,,
,,,,
,,,,
,,,,
,,,,
,,,,
,,,,
,,,,
,,,,
,,,,
,,,,
,,,,
,,,,
,,,,
,,,,
,,,,
,,,,
,,,,
,,,,
,,,,
,,,,
,,,,
,,,,
,,,,
,,,,
,,,,
,,,,
,,,,
,,,,
,,,,
,,,,
,,,,
,,,,
,,,,
,,,,
,,,,
,,,,
,,,,
,,,,
,,,,
,,,,
,,,,
,,,,
,,,,
,,,,
,,,,
,,,,
,,,,
,,,,
,,,,
,,,,
,,,,
,,,,
,,,,
,,,,
,,,,
,,,,
,,,,
,,,,
,,,,
,,,,
,,,,
,,,,
,,,,
,,,,
,,,,
,,,,
,,,,
,,,,
,,,,
,,,,
,,,,
,,,,
,,,,
,,,,
,,,,
,,,,
,,,,
,,,,
,,,,
,,,,
,,,,
,,,,
,,,,
,,,,
,,,,
,,,,
,,,,
,,,,
,,,,
,,,,
,,,,
,,,,
,,,,
,,,,
,,,,
,,,,
,,,,
,,,,
,,,,
,,,,
,,,,
,,,,
,,,,
,,,,
,,,,
,,,,
,,,,
,,,,
,,,,
,,,,
,,,,
,,,,
,,,,
,,,,
,,,,
,,,,
,,,,
,,,,
,,,,
,,,,
,,,,
,,,,
,,,,
,,,,
,,,,
,,,,
,,,,
,,,,
,,,,
,,,,
,,,,
,,,,
,,,,
,,,,
,,,,
,,,,
,,,,
,,,,
,,,,
,,,,
,,,,
,,,,
,,,,
,,,,
,,,,
,,,,
,,,,
,,,,
,,,,
,,,,
,,,,
,,,,
,,,,
,,,,
,,,,
,,,,
,,,,
,,,,
,,,,
,,,,
,,,,
,,,,
,,,,
,,,,
,,,,
,,,,
,,,,
,,,,
,,,,
,,,,
,,,,
,,,,
,,,,
,,,,
,,,,
,,,,
,,,,
,,,,
,,,,
,,,,
,,,,
,,,,
,,,,
,,,,
,,,,
,,,,
,,,,
,,,,
,,,,
,,,,
,,,,
,,,,
,,,,
,,,,
,,,,
,,,,
,,,,
,,,,
,,,,
,,,,
,,,,
,,,,
,,,,
,,,,
,,,,
,,,,
,,,,
,,,,
,,,,
,,,,
,,,,
,,,,
,,,,
,,,,
,,,,
,,,,
,,,,
,,,,
,,,,
,,,,
,,,,
,,,,
,,,,
,,,,
,,,,
,,,,
,,,,
,,,,
,,,,
,,,,
,,,,
,,,,
,,,,
,,,,
,,,,
,,,,
,,,,
,,,,
,,,,
,,,,
,,,,
,,,,
,,,,
,,,,
,,,,
,,,,
,,,,
,,,,
,,,,
,,,,
,,,,
,,,,
,,,,
,,,,
,,,,
,,,,
,,,,
,,,,
,,,,
,,,,
,,,,
,,,,
,,,,
,,,,
,,,,
,,,,
,,,,
,,,,
,,,,
,,,,
,,,,
,,,,
,,,,
,,,,
,,,,
,,,,
,,,,
,,,,
,,,,
,,,,
,,,,
,,,,
,,,,
,,,,
,,,,
,,,,
,,,,
,,,,
,,,,
,,,,
,,,,
,,,,
,,,,
,,,,
,,,,
,,,,
,,,,
,,,,
,,,,
,,,,
,,,,
,,,,
,,,,
,,,,
,,,,
,,,,
,,,,
,,,,
,,,,
,,,,
,,,,
,,,,
,,,,
,,,,
,,,,
,,,,
,,,,
,,,,
,,,,
,,,,
,,,,
,,,,
,,,,
,,,,
,,,,
,,,,
,,,,
,,,,
,,,,
,,,,
,,,,
,,,,
,,,,
,,,,
,,,,
,,,,
,,,,
,,,,
,,,,
,,,,
,,,,
,,,,
,,,,
,,,,
,,,,
,,,,
,,,,
,,,,
,,,,
,,,,
,,,,
,,,,
,,,,
,,,,
,,,,
,,,,
,,,,
,,,,
,,,,
,,,,
,,,,
,,,,
,,,,
,,,,
,,,,
,,,,
,,,,
,,,,
,,,,
,,,,
,,,,
,,,,
,,,,
,,,,
,,,,
,,,,
,,,,
,,,,
,,,,
,,,,
,,,,
,,,,
,,,,
,,,,
,,,,
,,,,
,,,,
,,,,
,,,,
,,,,
,,,,
,,,,
,,,,
,,,,
,,,,
,,,,
,,,,
,,,,
,,,,
,,,,
,,,,
,,,,
,,,,
,,,,
,,,,
,,,,
,,,,
,,,,
,,,,
,,,,
,,,,
,,,,
,,,,
,,,,
,,,,
,,,,
,,,,
,,,,
,,,,
,,,,
,,,,
,,,,
,,,,
,,,,
,,,,
,,,,
,,,,
,,,,
,,,,
,,,,
,,,,
,,,,
,,,,
,,,,
,,,,
,,,,
,,,,
,,,,
,,,,
,,,,
,,,,
,,,,
,,,,
,,,,
,,,,
,,,,
,,,,
,,,,
,,,,
,,,,
,,,,
,,,,
,,,,
,,,,
,,,,
,,,,
,,,,
,,,,
,,,,
,,,,
,,,,
,,,,
,,,,
,,,,
,,,,
,,,,
,,,,
,,,,
,,,,
,,,,
,,,,
,,,,
,,,,
,,,,
,,,,
,,,,
,,,,
,,,,
,,,,
,,,,
,,,,
,,,,
,,,,
,,,,
,,,,
,,,,
,,,,
,,,,
,,,,
,,,,
,,,,
,,,,
,,,,
,,,,
,,,,
,,,,
,,,,
,,,,
,,,,
,,,,
,,,,
,,,,
,,,,
,,,,
,,,,
,,,,
,,,,
,,,,
,,,,
,,,,
,,,,
,,,,
,,,,
,,,,
,,,,
,,,,
,,,,
,,,,
,,,,
,,,,
,,,,
,,,,
,,,,
,,,,
,,,,
,,,,
,,,,
,,,,
,,,,
,,,,
,,,,
,,,,
,,,,
,,,,
,,,,
,,,,
,,,,
,,,,
,,,,
,,,,
,,,,
,,,,
,,,,
,,,,
,,,,
,,,,
,,,,
,,,,
,,,,
,,,,
,,,,
,,,,
,,,,
,,,,
,,,,
,,,,
,,,,
,,,,
,,,,
,,,,
,,,,
,,,,
,,,,
,,,,
,,,,
,,,,
,,,,
,,,,
,,,,
,,,,
,,,,
,,,,
,,,,
,,,,
,,,,
,,,,
,,,,
,,,,
,,,,
,,,,
,,,,
,,,,
,,,,
,,,,
,,,,
,,,,
,,,,
,,,,
,,,,
,,,,
,,,,
,,,,
,,,,
,,,,
,,,,
,,,,
,,,,
,,,,
,,,,
,,,,
,,,,
,,,,
,,,,
,,,,
,,,,
,,,,
,,,,
,,,,
,,,,
,,,,
,,,,
,,,,
,,,,
,,,,
,,,,
,,,,
,,,,
,,,,
,,,,
,,,,
,,,,
,,,,
,,,,
,,,,
,,,,
,,,,
,,,,
,,,,
,,,,
,,,,
,,,,
,,,,
,,,,
,,,,
,,,,
,,,,
,,,,
,,,,
,,,,
,,,,
,,,,
,,,,
,,,,
,,,,
,,,,
,,,,
,,,,
,,,,
,,,,
,,,,
,,,,
,,,,
,,,,
,,,,
,,,,
,,,,
,,,,
,,,,
,,,,
,,,,
,,,,
,,,,
,,,,
,,,,
,,,,
,,,,
,,,,
,,,,
,,,,
,,,,
,,,,
,,,,
,,,,
,,,,
,,,,
,,,,
,,,,
,,,,
,,,,
,,,,
,,,,
,,,,
,,,,
,,,,
,,,,
,,,,
,,,,
,,,,
,,,,
,,,,
,,,,
,,,,
,,,,
,,,,
,,,,
,,,,
,,,,
,,,,
,,,,
,,,,
,,,,
,,,,
,,,,
,,,,
,,,,
,,,,
,,,,
,,,,
,,,,
,,,,
,,,,
,,,,
,,,,
,,,,
,,,,
,,,,
,,,,
,,,,
,,,,
,,,,
,,,,
,,,,
,,,,
,,,,
,,,,
,,,,
,,,,
,,,,
,,,,
,,,,
,,,,
,,,,
,,,,
,,,,
,,,,
,,,,
,,,,
,,,,
,,,,
,,,,
,,,,
,,,,
,,,,
,,,,
,,,,
,,,,
,,,,
,,,,
,,,,
,,,,
,,,,
,,,,
,,,,
,,,,
,,,,
,,,,
,,,,
,,,,
,,,,
,,,,
,,,,
,,,,
,,,,
,,,,
,,,,
,,,,
,,,,
,,,,
,,,,
,,,,
,,,,
,,,,
,,,,
,,,,
,,,,
,,,,
,,,,
,,,,
,,,,
,,,,
,,,,
,,,,
,,,,
,,,,
,,,,
,,,,
,,,,
,,,,
,,,,
,,,,
,,,,
,,,,
,,,,
,,,,
,,,,
,,,,
,,,,
,,,,
,,,,
,,,,
,,,,
,,,,
,,,,
,,,,
,,,,
,,,,
,,,,
,,,,
,,,,
,,,,
,,,,
,,,,
,,,,
,,,,
,,,,
,,,,
,,,,
,,,,
,,,,
,,,,
,,,,
,,,,
,,,,
,,,,
,,,,
,,,,
,,,,
,,,,
,,,,
,,,,
,,,,
,,,,
,,,,
,,,,
,,,,
,,,,
,,,,
,,,,
,,,,
,,,,
,,,,
,,,,
,,,,
,,,,
,,,,
,,,,
,,,,
,,,,
,,,,
,,,,
,,,,
,,,,
,,,,
,,,,
,,,,
,,,,
,,,,
,,,,
,,,,
,,,,
,,,,
,,,,
,,,,
,,,,
,,,,
,,,,
,,,,
,,,,
,,,,
,,,,
,,,,
,,,,
,,,,
,,,,
,,,,
,,,,
,,,,
,,,,
,,,,
,,,,
,,,,
,,,,
,,,,
,,,,
,,,,
,,,,
,,,,
,,,,
,,,,
,,,,
,,,,
,,,,
,,,,
,,,,
,,,,
,,,,
,,,,
,,,,
,,,,
,,,,
,,,,
,,,,
,,,,
,,,,
,,,,
,,,,
,,,,
,,,,
,,,,
,,,,
,,,,
,,,,
,,,,
,,,,
,,,,
,,,,
,,,,
,,,,
,,,,
,,,,
,,,,
,,,,
,,,,
,,,,
,,,,
,,,,
,,,,
,,,,
,,,,
,,,,
,,,,
,,,,
,,,,
,,,,
,,,,
,,,,
,,,,
,,,,
,,,,
,,,,
,,,,
,,,,
,,,,
,,,,
,,,,
,,,,
,,,,
,,,,
,,,,
,,,,
,,,,
,,,,
,,,,
,,,,
,,,,
,,,,
,,,,
,,,,
,,,,
,,,,
,,,,
,,,,
,,,,
,,,,
,,,,
,,,,
,,,,
,,,,
,,,,
,,,,
,,,,
,,,,
,,,,
,,,,
,,,,
,,,,
,,,,
,,,,
,,,,
,,,,
,,,,
,,,,
,,,,
,,,,
,,,,
,,,,
,,,,
,,,,
,,,,
,,,,
,,,,
,,,,
,,,,
,,,,
,,,,
,,,,
,,,,
,,,,
,,,,
,,,,
,,,,
,,,,
,,,,
,,,,
,,,,
,,,,
,,,,
,,,,
,,,,
,,,,
,,,,
,,,,
,,,,
,,,,
,,,,
,,,,
,,,,
,,,,
,,,,
,,,,
,,,,
,,,,
,,,,
,,,,
,,,,
,,,,
,,,,
,,,,
,,,,
,,,,
,,,,
,,,,
,,,,
,,,,
,,,,
,,,,
,,,,
,,,,
,,,,
,,,,
,,,,
,,,,
,,,,
,,,,
,,,,
,,,,
,,,,
,,,,
,,,,
,,,,
,,,,
,,,,
,,,,
,,,,
,,,,
,,,,
,,,,
,,,,
,,,,
,,,,
,,,,
,,,,
,,,,
,,,,
,,,,
,,,,
,,,,
,,,,
,,,,
,,,,
,,,,
,,,,
,,,,
,,,,
,,,,
,,,,
,,,,
,,,,
,,,,
,,,,
,,,,
,,,,
,,,,
,,,,
,,,,
,,,,
,,,,
,,,,
,,,,
,,,,
,,,,
,,,,
,,,,
,,,,
,,,,
,,,,
,,,,
,,,,
,,,,
,,,,
,,,,
,,,,
,,,,
,,,,
,,,,
,,,,
,,,,
,,,,
,,,,
,,,,
,,,,
,,,,
,,,,
,,,,
,,,,
,,,,
,,,,
,,,,
,,,,
,,,,
,,,,
,,,,
,,,,
,,,,
,,,,
,,,,
,,,,
,,,,
,,,,
,,,,
,,,,
,,,,
,,,,
,,,,
,,,,
,,,,
,,,,
,,,,
,,,,
,,,,
,,,,
,,,,
,,,,
,,,,
,,,,
,,,,
,,,,
,,,,
,,,,
,,,,
,,,,
,,,,
,,,,
,,,,
,,,,
,,,,
,,,,
,,,,
,,,,
,,,,
,,,,
,,,,
,,,,
,,,,
,,,,
,,,,
,,,,
,,,,
,,,,
,,,,
,,,,
,,,,
,,,,
,,,,
,,,,
,,,,
,,,,
,,,,
,,,,
,,,,
,,,,
,,,,
,,,,
,,,,
,,,,
,,,,
,,,,
,,,,
,,,,
,,,,
,,,,
,,,,
,,,,
,,,,
,,,,
,,,,
,,,,
,,,,
,,,,
,,,,
,,,,
,,,,
,,,,
,,,,
,,,,
,,,,
,,,,
,,,,
,,,,
,,,,
,,,,
,,,,
,,,,
,,,,
,,,,
,,,,
,,,,
,,,,
,,,,
,,,,
,,,,
,,,,
,,,,
,,,,
,,,,
,,,,
,,,,
,,,,
,,,,
,,,,
,,,,
,,,,
,,,,
,,,,
,,,,
,,,,
,,,,
,,,,
,,,,
,,,,
,,,,
,,,,
,,,,
,,,,
,,,,
,,,,
,,,,
,,,,
,,,,
,,,,
,,,,
,,,,
,,,,
,,,,
,,,,
,,,,
,,,,
,,,,
,,,,
,,,,
,,,,
,,,,
,,,,
,,,,
,,,,
,,,,
,,,,
,,,,
,,,,
,,,,
,,,,
,,,,
,,,,
,,,,
,,,,
,,,,
,,,,
,,,,
,,,,
,,,,
,,,,
,,,,
,,,,
,,,,
,,,,
,,,,
,,,,
,,,,
,,,,
,,,,
,,,,
,,,,
,,,,
,,,,
,,,,
,,,,
,,,,
,,,,
,,,,
,,,,
,,,,
,,,,
,,,,
,,,,
,,,,
,,,,
,,,,
,,,,
,,,,
,,,,
,,,,
,,,,
,,,,
,,,,
,,,,
,,,,
,,,,
,,,,
,,,,
,,,,
,,,,
,,,,
,,,,
,,,,
,,,,
,,,,
,,,,
,,,,
,,,,
,,,,
,,,,
,,,,
,,,,
,,,,
,,,,
,,,,
,,,,
,,,,
,,,,
,,,,
,,,,
,,,,
,,,,
,,,,
,,,,
,,,,
,,,,
,,,,
,,,,
,,,,
,,,,
,,,,
,,,,
,,,,
,,,,
,,,,
,,,,
,,,,
,,,,
,,,,
,,,,
,,,,
,,,,
,,,,
,,,,
,,,,
,,,,
,,,,
,,,,
,,,,
,,,,
,,,,
,,,,
,,,,
,,,,
,,,,
,,,,
,,,,
,,,,
,,,,
,,,,
,,,,
,,,,
,,,,
,,,,
,,,,
,,,,
,,,,
,,,,
,,,,
,,,,
,,,,
,,,,
,,,,
,,,,
,,,,
,,,,
,,,,
,,,,
,,,,
,,,,
,,,,
,,,,
,,,,
,,,,
,,,,
,,,,
,,,,
,,,,
,,,,
,,,,
,,,,
,,,,
,,,,
,,,,
,,,,
,,,,
,,,,
,,,,
,,,,
,,,,
,,,,
,,,,
,,,,
,,,,
,,,,
,,,,
,,,,
,,,,
,,,,
,,,,
,,,,
,,,,
,,,,
,,,,
,,,,
,,,,
,,,,
,,,,
,,,,
,,,,
,,,,
,,,,
,,,,
,,,,
,,,,
,,,,
,,,,
,,,,
,,,,
,,,,
,,,,
,,,,
,,,,
,,,,
,,,,
,,,,
,,,,
,,,,
,,,,
,,,,
,,,,
,,,,
,,,,
,,,,
,,,,
,,,,
,,,,
,,,,
,,,,
,,,,
,,,,
,,,,
,,,,
,,,,
,,,,
,,,,
,,,,
,,,,
,,,,
,,,,
,,,,
,,,,
,,,,
,,,,
,,,,
,,,,
,,,,
,,,,
,,,,
,,,,
,,,,
,,,,
,,,,
,,,,
,,,,
,,,,
,,,,
,,,,
,,,,
,,,,
,,,,
,,,,
,,,,
,,,,
,,,,
,,,,
,,,,
,,,,
,,,,
,,,,
,,,,
,,,,
,,,,
,,,,
,,,,
,,,,
,,,,
,,,,
,,,,
,,,,
,,,,
,,,,
,,,,
,,,,
,,,,
,,,,
,,,,
,,,,
,,,,
,,,,
,,,,
,,,,
,,,,
,,,,
,,,,
,,,,
,,,,
,,,,
,,,,
,,,,
,,,,
,,,,
,,,,
,,,,
,,,,
,,,,
,,,,
,,,,
,,,,
,,,,
,,,,
,,,,
,,,,
,,,,
,,,,
,,,,
,,,,
,,,,
,,,,
,,,,
,,,,
,,,,
,,,,
,,,,
,,,,
,,,,
,,,,
,,,,
,,,,
,,,,
,,,,
,,,,
,,,,
,,,,
,,,,
,,,,
,,,,
,,,,
,,,,
,,,,
,,,,
,,,,
,,,,
,,,,
,,,,
,,,,
,,,,
,,,,
,,,,
,,,,
,,,,
,,,,
,,,,
,,,,
,,,,
,,,,
,,,,
,,,,
,,,,
,,,,
,,,,
,,,,
,,,,
,,,,
,,,,
,,,,
,,,,
,,,,
,,,,
,,,,
,,,,
,,,,
,,,,
,,,,
,,,,
,,,,
,,,,
,,,,
,,,,
,,,,
,,,,
,,,,
,,,,
,,,,
,,,,
,,,,
,,,,
,,,,
,,,,
,,,,
,,,,
,,,,
,,,,
,,,,
,,,,
,,,,
,,,,
,,,,
,,,,
,,,,
,,,,
,,,,
,,,,
,,,,
,,,,
,,,,
,,,,
,,,,
,,,,
,,,,
,,,,
,,,,
,,,,
,,,,
,,,,
,,,,
,,,,
,,,,
,,,,
,,,,
,,,,
,,,,
,,,,
,,,,
,,,,
,,,,
,,,,
,,,,
,,,,
,,,,
,,,,
,,,,
,,,,
,,,,
,,,,
,,,,
,,,,
,,,,
,,,,
,,,,
,,,,
,,,,
,,,,
,,,,
,,,,
,,,,
,,,,
,,,,
,,,,
,,,,
,,,,
,,,,
,,,,
,,,,
,,,,
,,,,
,,,,
,,,,
,,,,
,,,,
,,,,
,,,,
,,,,
,,,,
,,,,
,,,,
,,,,
,,,,
,,,,
,,,,
,,,,
,,,,
,,,,
,,,,
,,,,
,,,,
,,,,
,,,,
,,,,
,,,,
,,,,
,,,,
,,,,
,,,,
,,,,
,,,,
,,,,
,,,,
,,,,
,,,,
,,,,
,,,,
,,,,
,,,,
,,,,
,,,,
,,,,
,,,,
,,,,
,,,,
,,,,
,,,,
,,,,
,,,,
,,,,
,,,,
,,,,
,,,,
,,,,
,,,,
,,,,
,,,,
,,,,
,,,,
,,,,
,,,,
,,,,
,,,,
,,,,
,,,,
,,,,
,,,,
,,,,
,,,,
,,,,
,,,,
,,,,
,,,,
,,,,
,,,,
,,,,
,,,,
,,,,
,,,,
,,,,
,,,,
,,,,
,,,,
,,,,
,,,,
,,,,
,,,,
,,,,
,,,,
,,,,
,,,,
,,,,
,,,,
,,,,
,,,,
,,,,
,,,,
,,,,
,,,,
,,,,
,,,,
,,,,
,,,,
,,,,
,,,,
,,,,
,,,,
,,,,
,,,,
,,,,
,,,,
,,,,
,,,,
,,,,
,,,,
,,,,
,,,,
,,,,
,,,,
,,,,
,,,,
,,,,
,,,,
,,,,
,,,,
,,,,
,,,,
,,,,
,,,,
,,,,
,,,,
,,,,
,,,,
,,,,
,,,,
,,,,
,,,,
,,,,
,,,,
,,,,
,,,,
,,,,
,,,,
,,,,
,,,,
,,,,
,,,,
,,,,
,,,,
,,,,
,,,,
,,,,
,,,,
,,,,
,,,,
,,,,
,,,,
,,,,
,,,,
,,,,
,,,,
,,,,
,,,,
,,,,
,,,,
,,,,
,,,,
,,,,
,,,,
,,,,
,,,,
,,,,
,,,,
,,,,
,,,,
,,,,
,,,,
,,,,
,,,,
,,,,
,,,,
,,,,
,,,,
,,,,
,,,,
,,,,
,,,,
,,,,
,,,,
,,,,
,,,,
,,,,
,,,,
,,,,
,,,,
,,,,
,,,,
,,,,
,,,,
,,,,
,,,,
,,,,
,,,,
,,,,
,,,,
,,,,
,,,,
,,,,
,,,,
,,,,
,,,,
,,,,
,,,,
,,,,
,,,,
,,,,
,,,,
,,,,
,,,,
,,,,
,,,,
,,,,
,,,,
,,,,
,,,,
,,,,
,,,,
,,,,
,,,,
,,,,
,,,,
,,,,
,,,,
,,,,
,,,,
,,,,
,,,,
,,,,
,,,,
,,,,
,,,,
,,,,
,,,,
,,,,
,,,,
,,,,
,,,,
,,,,
,,,,
,,,,
,,,,
,,,,
,,,,
,,,,
,,,,
,,,,
,,,,
,,,,
,,,,
,,,,
,,,,
,,,,
,,,,
,,,,
,,,,
,,,,
,,,,
,,,,
,,,,
,,,,
,,,,
,,,,
,,,,
,,,,
,,,,
,,,,
,,,,
,,,,
,,,,
,,,,
,,,,
,,,,
,,,,
,,,,
,,,,
,,,,
,,,,
,,,,
,,,,
,,,,
,,,,
,,,,
,,,,
,,,,
,,,,
,,,,
,,,,
,,,,
,,,,
,,,,
,,,,
,,,,
,,,,
,,,,
,,,,
,,,,
,,,,
,,,,
,,,,
,,,,
,,,,
,,,,
,,,,
,,,,
,,,,
,,,,
,,,,
,,,,
,,,,
,,,,
,,,,
,,,,
,,,,
,,,,
,,,,
,,,,
,,,,
,,,,
,,,,
,,,,
,,,,
,,,,
,,,,
,,,,
,,,,
,,,,
,,,,
,,,,
,,,,
,,,,
,,,,
,,,,
,,,,
,,,,
,,,,
,,,,
,,,,
,,,,
,,,,
,,,,
,,,,
,,,,
,,,,
,,,,
,,,,
,,,,
,,,,
,,,,
,,,,
,,,,
,,,,
,,,,
,,,,
,,,,
,,,,
,,,,
,,,,
,,,,
,,,,
,,,,
,,,,
,,,,
,,,,
,,,,
,,,,
,,,,
,,,,
,,,,
,,,,
,,,,
,,,,
,,,,
,,,,
,,,,
,,,,
,,,,
,,,,
,,,,
,,,,
,,,,
,,,,
,,,,
,,,,
,,,,
,,,,
,,,,
,,,,
,,,,
,,,,
,,,,
,,,,
,,,,
,,,,
,,,,
,,,,
,,,,
,,,,
,,,,
,,,,
,,,,
,,,,
,,,,
,,,,
,,,,
,,,,
,,,,
,,,,
,,,,
,,,,
,,,,
,,,,
,,,,
,,,,
,,,,
,,,,
,,,,
,,,,
,,,,
,,,,
,,,,
,,,,
,,,,
,,,,
,,,,
,,,,
,,,,
,,,,
,,,,
,,,,
,,,,
,,,,
,,,,
,,,,
,,,,
,,,,
,,,,
,,,,
,,,,
,,,,
,,,,
,,,,
,,,,
,,,,
,,,,
,,,,
,,,,
,,,,
,,,,
,,,,
,,,,
,,,,
,,,,
,,,,
,,,,
,,,,
,,,,
,,,,
,,,,
,,,,
,,,,
,,,,
,,,,
,,,,
,,,,
,,,,
,,,,
,,,,
,,,,
,,,,
,,,,
,,,,
,,,,
,,,,
,,,,
,,,,
,,,,
,,,,
,,,,
,,,,
,,,,
,,,,
,,,,
,,,,
,,,,
,,,,
,,,,
,,,,
,,,,
,,,,
,,,,
,,,,
,,,,
,,,,
,,,,
,,,,
,,,,
,,,,
,,,,
,,,,
,,,,
,,,,
,,,,
,,,,
,,,,
,,,,
,,,,
,,,,
,,,,
,,,,
,,,,
,,,,
,,,,
,,,,
,,,,
,,,,
,,,,
,,,,
,,,,
,,,,
,,,,
,,,,
,,,,
,,,,
,,,,
,,,,
,,,,
,,,,
,,,,
,,,,
,,,,
,,,,
,,,,
,,,,
,,,,
,,,,
,,,,
,,,,
,,,,
,,,,
,,,,
,,,,
,,,,
,,,,
,,,,
,,,,
,,,,
,,,,
,,,,
,,,,
,,,,
,,,,
,,,,
,,,,
,,,,
,,,,
,,,,
,,,,
,,,,
,,,,
,,,,
,,,,
,,,,
,,,,
,,,,
,,,,
,,,,
,,,,
,,,,
,,,,
,,,,
,,,,
,,,,
,,,,
,,,,
,,,,
,,,,
,,,,
,,,,
,,,,
,,,,
,,,,
,,,,
,,,,
,,,,
,,,,
,,,,
,,,,
,,,,
,,,,
,,,,
,,,,
,,,,
,,,,
,,,,
,,,,
,,,,
,,,,
,,,,
,,,,
,,,,
,,,,
,,,,
,,,,
,,,,
,,,,
,,,,
,,,,
,,,,
,,,,
,,,,
,,,,
,,,,
,,,,
,,,,
,,,,
,,,,
,,,,
,,,,
,,,,
,,,,
,,,,
,,,,
,,,,
,,,,
,,,,
,,,,
,,,,
,,,,
,,,,
,,,,
,,,,
,,,,
,,,,
,,,,
,,,,
,,,,
,,,,
,,,,
,,,,
,,,,
,,,,
,,,,
,,,,
,,,,
,,,,
,,,,
,,,,
,,,,
,,,,
,,,,
,,,,
,,,,
,,,,
,,,,
,,,,
,,,,
,,,,
,,,,
,,,,
,,,,
,,,,
,,,,
,,,,
,,,,
,,,,
,,,,
,,,,
,,,,
,,,,
,,,,
,,,,
,,,,
,,,,
,,,,
,,,,
,,,,
,,,,
,,,,
,,,,
,,,,
,,,,
,,,,
,,,,
,,,,
,,,,
,,,,
,,,,
,,,,
,,,,
,,,,
,,,,
,,,,
,,,,
,,,,
,,,,
,,,,
,,,,
,,,,
,,,,
,,,,
,,,,
,,,,
,,,,
,,,,
,,,,
,,,,
,,,,
,,,,
,,,,
,,,,
,,,,
,,,,
,,,,
,,,,
,,,,
,,,,
,,,,
,,,,
,,,,
,,,,
,,,,
,,,,
,,,,
,,,,
,,,,
,,,,
,,,,
,,,,
,,,,
,,,,
,,,,
,,,,
,,,,
,,,,
,,,,
,,,,
,,,,
,,,,
,,,,
,,,,
,,,,
,,,,
,,,,
,,,,
,,,,
,,,,
,,,,
,,,,
,,,,
,,,,
,,,,
,,,,
,,,,
,,,,
,,,,
,,,,
,,,,
,,,,
,,,,
,,,,
,,,,
,,,,
,,,,
,,,,
,,,,
,,,,
,,,,
,,,,
,,,,
,,,,
,,,,
,,,,
,,,,
,,,,
,,,,
,,,,
,,,,
,,,,
,,,,
,,,,
,,,,
,,,,
,,,,
,,,,
,,,,
,,,,
,,,,
,,,,
,,,,
,,,,
,,,,
,,,,
,,,,
,,,,
,,,,
,,,,
,,,,
,,,,
,,,,
,,,,
,,,,
,,,,
,,,,
,,,,
,,,,
,,,,
,,,,
,,,,
,,,,
,,,,
,,,,
,,,,
,,,,
,,,,
,,,,
,,,,
,,,,
,,,,
,,,,
,,,,
,,,,
,,,,
,,,,
,,,,
,,,,
,,,,
,,,,
,,,,
,,,,
,,,,
,,,,
,,,,
,,,,
,,,,
,,,,
,,,,
,,,,
,,,,
,,,,
,,,,
,,,,
,,,,
,,,,
,,,,
,,,,
,,,,
,,,,
,,,,
,,,,
,,,,
,,,,
,,,,
,,,,
,,,,
,,,,
,,,,
,,,,
,,,,
,,,,
,,,,
,,,,
,,,,
,,,,
,,,,
,,,,
,,,,
,,,,
,,,,
,,,,
,,,,
,,,,
,,,,
,,,,
,,,,
,,,,
,,,,
,,,,
,,,,
,,,,
,,,,
,,,,
,,,,
,,,,
,,,,
,,,,
,,,,
,,,,
,,,,
,,,,
,,,,
,,,,
,,,,
,,,,
,,,,
,,,,
,,,,
,,,,
,,,,
,,,,
,,,,
,,,,
,,,,
,,,,
,,,,
,,,,
,,,,
,,,,
,,,,
,,,,
,,,,
,,,,
,,,,
,,,,
,,,,
,,,,
,,,,
,,,,
,,,,
,,,,
,,,,
,,,,
,,,,
,,,,
,,,,
,,,,
,,,,
,,,,
,,,,
,,,,
,,,,
,,,,
,,,,
,,,,
,,,,
,,,,
,,,,
,,,,
,,,,
,,,,
,,,,
,,,,
,,,,
,,,,
,,,,
,,,,
,,,,
,,,,
,,,,
,,,,
,,,,
,,,,
,,,,
,,,,
,,,,
,,,,
,,,,
,,,,
,,,,
,,,,
,,,,
,,,,
,,,,
,,,,
,,,,
,,,,
,,,,
,,,,
,,,,
,,,,
,,,,
,,,,
,,,,
,,,,
,,,,
,,,,
,,,,
,,,,
,,,,
,,,,
,,,,
,,,,
,,,,
,,,,
,,,,
,,,,
,,,,
,,,,
,,,,
,,,,
,,,,
,,,,
,,,,
,,,,
,,,,
,,,,
,,,,
,,,,
,,,,
,,,,
,,,,
,,,,
,,,,
,,,,
,,,,
,,,,
,,,,
,,,,
,,,,
,,,,
,,,,
,,,,
,,,,
,,,,
,,,,
,,,,
,,,,
,,,,
,,,,
,,,,
,,,,
,,,,
,,,,
,,,,
,,,,
,,,,
,,,,
,,,,
,,,,
,,,,
,,,,
,,,,
,,,,
,,,,
,,,,
,,,,
,,,,
,,,,
,,,,
,,,,
,,,,
,,,,
,,,,
,,,,
,,,,
,,,,
,,,,
,,,,
,,,,
,,,,
,,,,
,,,,
,,,,
,,,,
,,,,
,,,,
,,,,
,,,,
,,,,
,,,,
,,,,
,,,,
,,,,
,,,,
,,,,
,,,,
,,,,
,,,,
,,,,
,,,,
,,,,
,,,,
,,,,
,,,,
,,,,
,,,,
,,,,
,,,,
,,,,
,,,,
,,,,
,,,,
,,,,
,,,,
,,,,
,,,,
,,,,
,,,,
,,,,
,,,,
,,,,
,,,,
,,,,
,,,,
,,,,
,,,,
,,,,
,,,,
,,,,
,,,,
,,,,
,,,,
,,,,
,,,,
,,,,
,,,,
,,,,
,,,,
,,,,
,,,,
,,,,
,,,,
,,,,
,,,,
,,,,
,,,,
,,,,
,,,,
,,,,
,,,,
,,,,
,,,,
,,,,
,,,,
,,,,
,,,,
,,,,
,,,,
,,,,
,,,,
,,,,
,,,,
,,,,
,,,,
,,,,
,,,,
,,,,
,,,,
,,,,
,,,,
,,,,
,,,,
,,,,
,,,,
,,,,
,,,,
,,,,
,,,,
,,,,
,,,,
,,,,
,,,,
,,,,
,,,,
,,,,
,,,,
,,,,
,,,,
,,,,
,,,,
,,,,
,,,,
,,,,
,,,,
,,,,
,,,,
,,,,
,,,,
,,,,
,,,,
,,,,
,,,,
,,,,
,,,,
,,,,
,,,,
,,,,
,,,,
,,,,
,,,,
,,,,
,,,,
,,,,
